run_name,precision,recall
logreg-baseline,0.0017232284156848954,1.0
logreg-baseline,0.0017319689659438346,1.0
logreg-baseline,0.001740829558575362,1.0
logreg-baseline,0.001749593844286148,1.0
logreg-baseline,0.00175850993199232,1.0
logreg-baseline,0.0017675811193477986,1.0
logreg-baseline,0.0017766175377531227,1.0
logreg-baseline,0.0017858119066275489,1.0
logreg-baseline,0.001795069055207532,1.0
logreg-baseline,0.0018044226768058036,1.0
logreg-baseline,0.0018140085887753592,1.0
logreg-baseline,0.0018235950874581318,1.0
logreg-baseline,0.0018335578506211644,1.0
logreg-baseline,0.0018433873182476534,1.0
logreg-baseline,0.0018537434267771346,1.0
logreg-baseline,0.001863861998136138,1.0
logreg-baseline,0.0018740558009676248,1.0
logreg-baseline,0.0018842168002922459,1.0
logreg-baseline,0.0018945252087844108,1.0
logreg-baseline,0.0019049470308096024,1.0
logreg-baseline,0.0019162707025674117,1.0
logreg-baseline,0.0019073837380788516,0.9897959183673469
logreg-baseline,0.0019180574230799653,0.9897959183673469
logreg-baseline,0.0019293116136603217,0.9897959183673469
logreg-baseline,0.0019402328279393528,0.9897959183673469
logreg-baseline,0.0019513176423254879,0.9897959183673469
logreg-baseline,0.0019624901369696725,0.9897959183673469
logreg-baseline,0.0019738716372959993,0.9897959183673469
logreg-baseline,0.001985264019647974,0.9897959183673469
logreg-baseline,0.0019967886697682077,0.9897959183673469
logreg-baseline,0.002008697452888797,0.9897959183673469
logreg-baseline,0.002020707039143387,0.9897959183673469
logreg-baseline,0.002032690695725063,0.9897959183673469
logreg-baseline,0.0020448173366781203,0.9897959183673469
logreg-baseline,0.0020572640509013787,0.9897959183673469
logreg-baseline,0.002069686559839546,0.9897959183673469
logreg-baseline,0.0020823047034325827,0.9897959183673469
logreg-baseline,0.002095077647465388,0.9897959183673469
logreg-baseline,0.002107962447844228,0.9897959183673469
logreg-baseline,0.0021209603358551626,0.9897959183673469
logreg-baseline,0.002134166464984269,0.9897959183673469
logreg-baseline,0.0021475380800566775,0.9897959183673469
logreg-baseline,0.002161030165307668,0.9897959183673469
logreg-baseline,0.0021747903681449262,0.9897959183673469
logreg-baseline,0.0021888257062911815,0.9897959183673469
logreg-baseline,0.0022031934949008564,0.9897959183673469
logreg-baseline,0.002217446964155084,0.9897959183673469
logreg-baseline,0.00223188605876533,0.9897959183673469
logreg-baseline,0.002246514428644217,0.9897959183673469
logreg-baseline,0.0022615467114313025,0.9897959183673469
logreg-baseline,0.002276621212476823,0.9897959183673469
logreg-baseline,0.002291843871089689,0.9897959183673469
logreg-baseline,0.002307271473085797,0.9897959183673469
logreg-baseline,0.0023231307180150403,0.9897959183673469
logreg-baseline,0.002339886624050175,0.9897959183673469
logreg-baseline,0.0023560273007699594,0.9897959183673469
logreg-baseline,0.0023723341811778516,0.9897959183673469
logreg-baseline,0.0023888095355366202,0.9897959183673469
logreg-baseline,0.002405574982020187,0.9897959183673469
logreg-baseline,0.0024230615507593923,0.9897959183673469
logreg-baseline,0.002440804207241891,0.9897959183673469
logreg-baseline,0.0024584970219237107,0.9897959183673469
logreg-baseline,0.0024765746674496386,0.9897959183673469
logreg-baseline,0.0024945351678024945,0.9897959183673469
logreg-baseline,0.002512823169783949,0.9897959183673469
logreg-baseline,0.0025313152400835075,0.9897959183673469
logreg-baseline,0.002550349687122049,0.9897959183673469
logreg-baseline,0.0025694683584540808,0.9897959183673469
logreg-baseline,0.0025888758407174124,0.9897959183673469
logreg-baseline,0.002608578727981713,0.9897959183673469
logreg-baseline,0.0026285838165953064,0.9897959183673469
logreg-baseline,0.002649115140922001,0.9897959183673469
logreg-baseline,0.0026697492637547133,0.9897959183673469
logreg-baseline,0.002690707350901526,0.9897959183673469
logreg-baseline,0.0027120729184141362,0.9897959183673469
logreg-baseline,0.002733703463630471,0.9897959183673469
logreg-baseline,0.002755838399909086,0.9897959183673469
logreg-baseline,0.0027784142988084327,0.9897959183673469
logreg-baseline,0.002801363137526714,0.9897959183673469
logreg-baseline,0.00282461197984916,0.9897959183673469
logreg-baseline,0.0028480826824828233,0.9897959183673469
logreg-baseline,0.0028720317403920174,0.9897959183673469
logreg-baseline,0.002896646459820229,0.9897959183673469
logreg-baseline,0.002921598747025692,0.9897959183673469
logreg-baseline,0.00294698465745101,0.9897959183673469
logreg-baseline,0.0029733623517150475,0.9897959183673469
logreg-baseline,0.002999752597723899,0.9897959183673469
logreg-baseline,0.0030266154950232458,0.9897959183673469
logreg-baseline,0.003053867707710229,0.9897959183673469
logreg-baseline,0.0030816151475680656,0.9897959183673469
logreg-baseline,0.0031100708583154317,0.9897959183673469
logreg-baseline,0.0031389554074169957,0.9897959183673469
logreg-baseline,0.003168381512330557,0.9897959183673469
logreg-baseline,0.0031981536432575007,0.9897959183673469
logreg-baseline,0.0032287055220850116,0.9897959183673469
logreg-baseline,0.0032599563098638885,0.9897959183673469
logreg-baseline,0.00329148286392942,0.9897959183673469
logreg-baseline,0.0033244225101103572,0.9897959183673469
logreg-baseline,0.003322604090956287,0.9795918367346939
logreg-baseline,0.003355704697986577,0.9795918367346939
logreg-baseline,0.0033899502101062892,0.9795918367346939
logreg-baseline,0.003388500499357968,0.9693877551020408
logreg-baseline,0.00342317670798501,0.9693877551020408
logreg-baseline,0.0034584440642178456,0.9693877551020408
logreg-baseline,0.003494317136866885,0.9693877551020408
logreg-baseline,0.003531729804081936,0.9693877551020408
logreg-baseline,0.0035694157430020664,0.9693877551020408
logreg-baseline,0.0036091482410151206,0.9693877551020408
logreg-baseline,0.003648513710730471,0.9693877551020408
logreg-baseline,0.0036890338614476545,0.9693877551020408
logreg-baseline,0.003730171195225381,0.9693877551020408
logreg-baseline,0.0037723861335027596,0.9693877551020408
logreg-baseline,0.003818174510670793,0.9693877551020408
logreg-baseline,0.0038625736938402116,0.9693877551020408
logreg-baseline,0.003908178377488893,0.9693877551020408
logreg-baseline,0.00395503746877602,0.9693877551020408
logreg-baseline,0.004002865208781022,0.9693877551020408
logreg-baseline,0.004054111722784108,0.9693877551020408
logreg-baseline,0.004104026265768101,0.9693877551020408
logreg-baseline,0.004155366984515791,0.9693877551020408
logreg-baseline,0.004207449399884849,0.9693877551020408
logreg-baseline,0.004262192112701332,0.9693877551020408
logreg-baseline,0.004316808288271913,0.9693877551020408
logreg-baseline,0.004373446275665225,0.9693877551020408
logreg-baseline,0.004431796977047956,0.9693877551020408
logreg-baseline,0.004491513403621578,0.9693877551020408
logreg-baseline,0.004553734061930784,0.9693877551020408
logreg-baseline,0.004617478370759211,0.9693877551020408
logreg-baseline,0.0046335091437866615,0.9591836734693877
logreg-baseline,0.00469929510573414,0.9591836734693877
logreg-baseline,0.004767943190464113,0.9591836734693877
logreg-baseline,0.0048381285706932935,0.9591836734693877
logreg-baseline,0.004909898145729955,0.9591836734693877
logreg-baseline,0.004984357601145342,0.9591836734693877
logreg-baseline,0.0050619278406031235,0.9591836734693877
logreg-baseline,0.005140544678989391,0.9591836734693877
logreg-baseline,0.005223092737678502,0.9591836734693877
logreg-baseline,0.005250677506775068,0.9489795918367347
logreg-baseline,0.005336546737820623,0.9489795918367347
logreg-baseline,0.0054249547920434,0.9489795918367347
logreg-baseline,0.005518305346229158,0.9489795918367347
logreg-baseline,0.0056128915444504796,0.9489795918367347
logreg-baseline,0.005710776788455634,0.9489795918367347
logreg-baseline,0.005813590048134025,0.9489795918367347
logreg-baseline,0.005918666072678673,0.9489795918367347
logreg-baseline,0.0060287825748735905,0.9489795918367347
logreg-baseline,0.006141045958795562,0.9489795918367347
logreg-baseline,0.0062588330304865734,0.9489795918367347
logreg-baseline,0.006380789022298456,0.9489795918367347
logreg-baseline,0.006506681592387882,0.9489795918367347
logreg-baseline,0.006638589478192591,0.9489795918367347
logreg-baseline,0.006776450014573011,0.9489795918367347
logreg-baseline,0.006919128041068373,0.9489795918367347
logreg-baseline,0.007069017938583156,0.9489795918367347
logreg-baseline,0.007228915662650603,0.9489795918367347
logreg-baseline,0.007391511683357177,0.9489795918367347
logreg-baseline,0.007562820200048792,0.9489795918367347
logreg-baseline,0.007740324594257179,0.9489795918367347
logreg-baseline,0.007930416986441546,0.9489795918367347
logreg-baseline,0.008127239360307612,0.9489795918367347
logreg-baseline,0.00833482702993368,0.9489795918367347
logreg-baseline,0.008557232241442768,0.9489795918367347
logreg-baseline,0.008785187984129982,0.9489795918367347
logreg-baseline,0.009026497136756285,0.9489795918367347
logreg-baseline,0.009284216831386643,0.9489795918367347
logreg-baseline,0.009554140127388535,0.9489795918367347
logreg-baseline,0.009839187473550571,0.9489795918367347
logreg-baseline,0.010143979057591623,0.9489795918367347
logreg-baseline,0.010465901417960837,0.9489795918367347
logreg-baseline,0.010808926080892609,0.9489795918367347
logreg-baseline,0.011179228272628922,0.9489795918367347
logreg-baseline,0.011574362165525825,0.9489795918367347
logreg-baseline,0.011996904024767802,0.9489795918367347
logreg-baseline,0.012449799196787148,0.9489795918367347
logreg-baseline,0.0129400306108251,0.9489795918367347
logreg-baseline,0.01347045191193511,0.9489795918367347
logreg-baseline,0.014048338368580061,0.9489795918367347
logreg-baseline,0.01467571406028089,0.9489795918367347
logreg-baseline,0.015361744301288404,0.9489795918367347
logreg-baseline,0.01611785095320624,0.9489795918367347
logreg-baseline,0.016952242070725484,0.9489795918367347
logreg-baseline,0.017682106477032482,0.9387755102040817
logreg-baseline,0.018767849857201143,0.9387755102040817
logreg-baseline,0.01993067590987868,0.9387755102040817
logreg-baseline,0.02077562326869806,0.9183673469387755
logreg-baseline,0.022222222222222223,0.9183673469387755
logreg-baseline,0.02389169100079639,0.9183673469387755
logreg-baseline,0.025832376578645237,0.9183673469387755
logreg-baseline,0.028133791809940606,0.9183673469387755
logreg-baseline,0.030853616729516628,0.9183673469387755
logreg-baseline,0.034181541967337636,0.9183673469387755
logreg-baseline,0.038281582305401955,0.9183673469387755
logreg-baseline,0.043625787687833255,0.9183673469387755
logreg-baseline,0.05056179775280899,0.9183673469387755
logreg-baseline,0.060240963855421686,0.9183673469387755
logreg-baseline,0.0739202657807309,0.9081632653061225
logreg-baseline,0.09684439608269858,0.9081632653061225
logreg-baseline,0.138801261829653,0.8979591836734694
logreg-baseline,0.25290697674418605,0.8877551020408163
logreg-baseline,1.0,0.0
xgb-d4-lr10-n300,0.001724957316107229,1.0
xgb-d4-lr10-n300,0.0017339301827703959,1.0
xgb-d4-lr10-n300,0.0017432139172507027,1.0
xgb-d4-lr10-n300,0.0017523468931604828,1.0
xgb-d4-lr10-n300,0.0017615127440054642,1.0
xgb-d4-lr10-n300,0.001771415143791913,1.0
xgb-d4-lr10-n300,0.0017806203099732906,1.0
xgb-d4-lr10-n300,0.0017900524229638153,1.0
xgb-d4-lr10-n300,0.0017995519482904257,1.0
xgb-d4-lr10-n300,0.0018093198434384462,1.0
xgb-d4-lr10-n300,0.0018191605873289897,1.0
xgb-d4-lr10-n300,0.0018289382826642778,1.0
xgb-d4-lr10-n300,0.0018390286926007243,1.0
xgb-d4-lr10-n300,0.0018490217165713855,1.0
xgb-d4-lr10-n300,0.0018590534003604287,1.0
xgb-d4-lr10-n300,0.0018692658363057204,1.0
xgb-d4-lr10-n300,0.0018802041364491002,1.0
xgb-d4-lr10-n300,0.0018911617136240834,1.0
xgb-d4-lr10-n300,0.0019016571583808748,1.0
xgb-d4-lr10-n300,0.0019126056324284236,1.0
xgb-d4-lr10-n300,0.0019235298735966082,1.0
xgb-d4-lr10-n300,0.001934694199865756,1.0
xgb-d4-lr10-n300,0.0019458343261059487,1.0
xgb-d4-lr10-n300,0.001956908085225344,1.0
xgb-d4-lr10-n300,0.001968069083241289,1.0
xgb-d4-lr10-n300,0.0019792781693696603,1.0
xgb-d4-lr10-n300,0.0019908583037074657,1.0
xgb-d4-lr10-n300,0.0020026565852661695,1.0
xgb-d4-lr10-n300,0.00201418148186209,1.0
xgb-d4-lr10-n300,0.0020261748712965453,1.0
xgb-d4-lr10-n300,0.0020379304608218267,1.0
xgb-d4-lr10-n300,0.0020501663145122487,1.0
xgb-d4-lr10-n300,0.002062332961552221,1.0
xgb-d4-lr10-n300,0.002074688796680498,1.0
xgb-d4-lr10-n300,0.0020875937286980234,1.0
xgb-d4-lr10-n300,0.0021004350901258117,1.0
xgb-d4-lr10-n300,0.002113161980334656,1.0
xgb-d4-lr10-n300,0.002126320814077112,1.0
xgb-d4-lr10-n300,0.002140111809923131,1.0
xgb-d4-lr10-n300,0.002153514843870174,1.0
xgb-d4-lr10-n300,0.0021673264480173387,1.0
xgb-d4-lr10-n300,0.002181462024752916,1.0
xgb-d4-lr10-n300,0.0021953896816684962,1.0
xgb-d4-lr10-n300,0.0022099447513812156,1.0
xgb-d4-lr10-n300,0.002224290156381216,1.0
xgb-d4-lr10-n300,0.0022388741661336013,1.0
xgb-d4-lr10-n300,0.002231218659428624,0.9897959183673469
xgb-d4-lr10-n300,0.002245942253814629,0.9897959183673469
xgb-d4-lr10-n300,0.0022610722610722613,0.9897959183673469
xgb-d4-lr10-n300,0.002276514351428102,0.9897959183673469
xgb-d4-lr10-n300,0.0022917897223862964,0.9897959183673469
xgb-d4-lr10-n300,0.002307600808849768,0.9897959183673469
xgb-d4-lr10-n300,0.0023232976455653757,0.9897959183673469
xgb-d4-lr10-n300,0.00233932232002894,0.9897959183673469
xgb-d4-lr10-n300,0.002355798421372192,0.9897959183673469
xgb-d4-lr10-n300,0.0023729725762653814,0.9897959183673469
xgb-d4-lr10-n300,0.0023898100470570844,0.9897959183673469
xgb-d4-lr10-n300,0.0024069478908188588,0.9897959183673469
xgb-d4-lr10-n300,0.002424030387844862,0.9897959183673469
xgb-d4-lr10-n300,0.0024416028997180828,0.9897959183673469
xgb-d4-lr10-n300,0.002459307337356118,0.9897959183673469
xgb-d4-lr10-n300,0.002476954112509895,0.9897959183673469
xgb-d4-lr10-n300,0.002495048486251511,0.9897959183673469
xgb-d4-lr10-n300,0.002513474295190713,0.9897959183673469
xgb-d4-lr10-n300,0.0025321081758379453,0.9897959183673469
xgb-d4-lr10-n300,0.00255135590099687,0.9897959183673469
xgb-d4-lr10-n300,0.0025704216021411345,0.9897959183673469
xgb-d4-lr10-n300,0.0025898435414107974,0.9897959183673469
xgb-d4-lr10-n300,0.0026097718467498923,0.9897959183673469
xgb-d4-lr10-n300,0.0026302944845165138,0.9897959183673469
xgb-d4-lr10-n300,0.0026509975403115607,0.9897959183673469
xgb-d4-lr10-n300,0.0026715139497094386,0.9897959183673469
xgb-d4-lr10-n300,0.002692350394137893,0.9897959183673469
xgb-d4-lr10-n300,0.0027141218276952347,0.9897959183673469
xgb-d4-lr10-n300,0.0027357851985559565,0.9897959183673469
xgb-d4-lr10-n300,0.002757953996190043,0.9897959183673469
xgb-d4-lr10-n300,0.002780086555272133,0.9897959183673469
xgb-d4-lr10-n300,0.002802982141825117,0.9897959183673469
xgb-d4-lr10-n300,0.002826422681313558,0.9897959183673469
xgb-d4-lr10-n300,0.002849923610294982,0.9897959183673469
xgb-d4-lr10-n300,0.0028739037686655606,0.9897959183673469
xgb-d4-lr10-n300,0.0029008044498938365,0.9897959183673469
xgb-d4-lr10-n300,0.002925475766806406,0.9897959183673469
xgb-d4-lr10-n300,0.0029509293906482916,0.9897959183673469
xgb-d4-lr10-n300,0.0029763731205891377,0.9897959183673469
xgb-d4-lr10-n300,0.0030023523585489664,0.9897959183673469
xgb-d4-lr10-n300,0.0030292620467817994,0.9897959183673469
xgb-d4-lr10-n300,0.0030564658432064534,0.9897959183673469
xgb-d4-lr10-n300,0.0030837704657447145,0.9897959183673469
xgb-d4-lr10-n300,0.003111866799268551,0.9897959183673469
xgb-d4-lr10-n300,0.0031418021636328303,0.9897959183673469
xgb-d4-lr10-n300,0.0031709709055246812,0.9897959183673469
xgb-d4-lr10-n300,0.0032005807239251657,0.9897959183673469
xgb-d4-lr10-n300,0.0032312868516606147,0.9897959183673469
xgb-d4-lr10-n300,0.0032624781380330954,0.9897959183673469
xgb-d4-lr10-n300,0.0032941655912517827,0.9897959183673469
xgb-d4-lr10-n300,0.003326474622770919,0.9897959183673469
xgb-d4-lr10-n300,0.0033603547426037553,0.9897959183673469
xgb-d4-lr10-n300,0.0033938630558762815,0.9897959183673469
xgb-d4-lr10-n300,0.0034275618374558304,0.9897959183673469
xgb-d4-lr10-n300,0.003462307252998287,0.9897959183673469
xgb-d4-lr10-n300,0.0034975120790365615,0.9897959183673469
xgb-d4-lr10-n300,0.0035334401865073583,0.9897959183673469
xgb-d4-lr10-n300,0.003570114096429886,0.9897959183673469
xgb-d4-lr10-n300,0.003607825634159042,0.9897959183673469
xgb-d4-lr10-n300,0.003646205315190016,0.9897959183673469
xgb-d4-lr10-n300,0.0036852703164773374,0.9897959183673469
xgb-d4-lr10-n300,0.0037254676037946,0.9897959183673469
xgb-d4-lr10-n300,0.003766551469731682,0.9897959183673469
xgb-d4-lr10-n300,0.0038084020416175894,0.9897959183673469
xgb-d4-lr10-n300,0.003850734418420008,0.9897959183673469
xgb-d4-lr10-n300,0.0038944874934757298,0.9897959183673469
xgb-d4-lr10-n300,0.003939086294416244,0.9897959183673469
xgb-d4-lr10-n300,0.003985373269238671,0.9897959183673469
xgb-d4-lr10-n300,0.004031922853104997,0.9897959183673469
xgb-d4-lr10-n300,0.004079401127092271,0.9897959183673469
xgb-d4-lr10-n300,0.004128010894544216,0.9897959183673469
xgb-d4-lr10-n300,0.004178152997932461,0.9897959183673469
xgb-d4-lr10-n300,0.00422971264117211,0.9897959183673469
xgb-d4-lr10-n300,0.004282371639221226,0.9897959183673469
xgb-d4-lr10-n300,0.00433635835307792,0.9897959183673469
xgb-d4-lr10-n300,0.004393115942028986,0.9897959183673469
xgb-d4-lr10-n300,0.004449949536654739,0.9897959183673469
xgb-d4-lr10-n300,0.004510159482959036,0.9897959183673469
xgb-d4-lr10-n300,0.004570728489303553,0.9897959183673469
xgb-d4-lr10-n300,0.004632282712511939,0.9897959183673469
xgb-d4-lr10-n300,0.0046957447838505105,0.9897959183673469
xgb-d4-lr10-n300,0.004760736196319018,0.9897959183673469
xgb-d4-lr10-n300,0.004827311635314024,0.9897959183673469
xgb-d4-lr10-n300,0.004895281352510724,0.9897959183673469
xgb-d4-lr10-n300,0.004965700829323232,0.9897959183673469
xgb-d4-lr10-n300,0.0050392228167697025,0.9897959183673469
xgb-d4-lr10-n300,0.005117383276180427,0.9897959183673469
xgb-d4-lr10-n300,0.005195779099041191,0.9897959183673469
xgb-d4-lr10-n300,0.005276327241079199,0.9897959183673469
xgb-d4-lr10-n300,0.005359116022099448,0.9897959183673469
xgb-d4-lr10-n300,0.005444238648481787,0.9897959183673469
xgb-d4-lr10-n300,0.005473516163977421,0.9795918367346939
xgb-d4-lr10-n300,0.005563282336578581,0.9795918367346939
xgb-d4-lr10-n300,0.005657708628005658,0.9795918367346939
xgb-d4-lr10-n300,0.005694419468920458,0.9693877551020408
xgb-d4-lr10-n300,0.005792329735991707,0.9693877551020408
xgb-d4-lr10-n300,0.00589403151755801,0.9693877551020408
xgb-d4-lr10-n300,0.006002400960384154,0.9693877551020408
xgb-d4-lr10-n300,0.0061148300720906285,0.9693877551020408
xgb-d4-lr10-n300,0.006227058206607236,0.9693877551020408
xgb-d4-lr10-n300,0.006348145673237555,0.9693877551020408
xgb-d4-lr10-n300,0.006471389645776567,0.9693877551020408
xgb-d4-lr10-n300,0.006598138630365328,0.9693877551020408
xgb-d4-lr10-n300,0.006731382413377737,0.9693877551020408
xgb-d4-lr10-n300,0.006867635364707583,0.9693877551020408
xgb-d4-lr10-n300,0.007014176018901358,0.9693877551020408
xgb-d4-lr10-n300,0.007161703731624576,0.9693877551020408
xgb-d4-lr10-n300,0.007316134000770119,0.9693877551020408
xgb-d4-lr10-n300,0.007479137143756889,0.9693877551020408
xgb-d4-lr10-n300,0.007648337492955478,0.9693877551020408
xgb-d4-lr10-n300,0.007743636213856166,0.9591836734693877
xgb-d4-lr10-n300,0.007933828494260635,0.9591836734693877
xgb-d4-lr10-n300,0.008125162071051949,0.9591836734693877
xgb-d4-lr10-n300,0.008326689697936044,0.9591836734693877
xgb-d4-lr10-n300,0.00854623147558869,0.9591836734693877
xgb-d4-lr10-n300,0.00877356729512787,0.9591836734693877
xgb-d4-lr10-n300,0.00892514395393474,0.9489795918367347
xgb-d4-lr10-n300,0.009169788996253205,0.9489795918367347
xgb-d4-lr10-n300,0.009433005375798763,0.9489795918367347
xgb-d4-lr10-n300,0.009710765375378511,0.9489795918367347
xgb-d4-lr10-n300,0.010003226847370119,0.9489795918367347
xgb-d4-lr10-n300,0.01031385161361872,0.9489795918367347
xgb-d4-lr10-n300,0.010649261422191686,0.9489795918367347
xgb-d4-lr10-n300,0.011007219789324181,0.9489795918367347
xgb-d4-lr10-n300,0.011384502387073081,0.9489795918367347
xgb-d4-lr10-n300,0.011796042617960426,0.9489795918367347
xgb-d4-lr10-n300,0.012230405049973699,0.9489795918367347
xgb-d4-lr10-n300,0.012561441835062807,0.9387755102040817
xgb-d4-lr10-n300,0.013071895424836602,0.9387755102040817
xgb-d4-lr10-n300,0.01361349511689849,0.9387755102040817
xgb-d4-lr10-n300,0.01421068890948409,0.9387755102040817
xgb-d4-lr10-n300,0.014853083629318696,0.9387755102040817
xgb-d4-lr10-n300,0.01555367709213863,0.9387755102040817
xgb-d4-lr10-n300,0.016323633782824698,0.9387755102040817
xgb-d4-lr10-n300,0.01717699775952203,0.9387755102040817
xgb-d4-lr10-n300,0.018120937561552097,0.9387755102040817
xgb-d4-lr10-n300,0.0191866527632951,0.9387755102040817
xgb-d4-lr10-n300,0.02037201062887511,0.9387755102040817
xgb-d4-lr10-n300,0.021739130434782608,0.9387755102040817
xgb-d4-lr10-n300,0.023273463192512018,0.9387755102040817
xgb-d4-lr10-n300,0.025047644976858154,0.9387755102040817
xgb-d4-lr10-n300,0.027130639929224418,0.9387755102040817
xgb-d4-lr10-n300,0.029581993569131833,0.9387755102040817
xgb-d4-lr10-n300,0.032520325203252036,0.9387755102040817
xgb-d4-lr10-n300,0.03570027461749706,0.9285714285714286
xgb-d4-lr10-n300,0.04008810572687225,0.9285714285714286
xgb-d4-lr10-n300,0.04591321897073663,0.9285714285714286
xgb-d4-lr10-n300,0.05384615384615385,0.9285714285714286
xgb-d4-lr10-n300,0.06325515280739161,0.9081632653061225
xgb-d4-lr10-n300,0.07897071872227152,0.9081632653061225
xgb-d4-lr10-n300,0.10451306413301663,0.8979591836734694
xgb-d4-lr10-n300,0.15602836879432624,0.8979591836734694
xgb-d4-lr10-n300,0.3120567375886525,0.8979591836734694
xgb-d4-lr10-n300,1.0,0.0
xgb-d6-lr05-n500,0.0017283645791079522,1.0
xgb-d6-lr05-n500,0.001738205037247251,1.0
xgb-d6-lr05-n500,0.0017480958241915057,1.0
xgb-d6-lr05-n500,0.0017574692442882249,1.0
xgb-d6-lr05-n500,0.001767134897307824,1.0
xgb-d6-lr05-n500,0.0017765531243768469,1.0
xgb-d6-lr05-n500,0.0017861373867716478,1.0
xgb-d6-lr05-n500,0.0017955294979846098,1.0
xgb-d6-lr05-n500,0.001805020905089054,1.0
xgb-d6-lr05-n500,0.001814478800222181,1.0
xgb-d6-lr05-n500,0.0018241381877745514,1.0
xgb-d6-lr05-n500,0.001834106902230873,1.0
xgb-d6-lr05-n500,0.0018440116661962555,1.0
xgb-d6-lr05-n500,0.0018538836971737733,1.0
xgb-d6-lr05-n500,0.0018640392589492905,1.0
xgb-d6-lr05-n500,0.0018743425456631921,1.0
xgb-d6-lr05-n500,0.001884470425351896,1.0
xgb-d6-lr05-n500,0.0018948548889189658,1.0
xgb-d6-lr05-n500,0.0019054285269870898,1.0
xgb-d6-lr05-n500,0.0019163081736409855,1.0
xgb-d6-lr05-n500,0.0019270853816808905,1.0
xgb-d6-lr05-n500,0.001937869529967768,1.0
xgb-d6-lr05-n500,0.001949395289624443,1.0
xgb-d6-lr05-n500,0.0019605097325304578,1.0
xgb-d6-lr05-n500,0.001971910338444203,1.0
xgb-d6-lr05-n500,0.0019832034807244765,1.0
xgb-d6-lr05-n500,0.0019947079177691836,1.0
xgb-d6-lr05-n500,0.0020062233868326238,1.0
xgb-d6-lr05-n500,0.0020181219110378913,1.0
xgb-d6-lr05-n500,0.002030036250647333,1.0
xgb-d6-lr05-n500,0.0020421346558586345,1.0
xgb-d6-lr05-n500,0.0020542489414329436,1.0
xgb-d6-lr05-n500,0.002067336089781453,1.0
xgb-d6-lr05-n500,0.002079663858413089,1.0
xgb-d6-lr05-n500,0.002092273532739811,1.0
xgb-d6-lr05-n500,0.002105037052948126,1.0
xgb-d6-lr05-n500,0.002118506668972524,1.0
xgb-d6-lr05-n500,0.0021319178558997566,1.0
xgb-d6-lr05-n500,0.002145124220203568,1.0
xgb-d6-lr05-n500,0.002158542763375256,1.0
xgb-d6-lr05-n500,0.0021720339546532504,1.0
xgb-d6-lr05-n500,0.002185938615274804,1.0
xgb-d6-lr05-n500,0.0021998742928975488,1.0
xgb-d6-lr05-n500,0.0022142889421121604,1.0
xgb-d6-lr05-n500,0.0022284882663270874,1.0
xgb-d6-lr05-n500,0.002242819544570317,1.0
xgb-d6-lr05-n500,0.0022572843487273985,1.0
xgb-d6-lr05-n500,0.002272411074525808,1.0
xgb-d6-lr05-n500,0.0022874215157668697,1.0
xgb-d6-lr05-n500,0.002302848012031206,1.0
xgb-d6-lr05-n500,0.002318483995363032,1.0
xgb-d6-lr05-n500,0.002333944604539284,1.0
xgb-d6-lr05-n500,0.0023500071938995734,1.0
xgb-d6-lr05-n500,0.0023662924061330437,1.0
xgb-d6-lr05-n500,0.002382689034767809,1.0
xgb-d6-lr05-n500,0.002399197003451906,1.0
xgb-d6-lr05-n500,0.002416114001134094,1.0
xgb-d6-lr05-n500,0.0024330900243309003,1.0
xgb-d6-lr05-n500,0.00245024502450245,1.0
xgb-d6-lr05-n500,0.002467767929089444,1.0
xgb-d6-lr05-n500,0.002485354162968223,1.0
xgb-d6-lr05-n500,0.0025040883074407194,1.0
xgb-d6-lr05-n500,0.0025223926696180377,1.0
xgb-d6-lr05-n500,0.0025411642681187605,1.0
xgb-d6-lr05-n500,0.0025601504741503173,1.0
xgb-d6-lr05-n500,0.0025791509856041266,1.0
xgb-d6-lr05-n500,0.0025988490811212177,1.0
xgb-d6-lr05-n500,0.002618570474281897,1.0
xgb-d6-lr05-n500,0.0026390908601281846,1.0
xgb-d6-lr05-n500,0.002659935401568819,1.0
xgb-d6-lr05-n500,0.002680965147453083,1.0
xgb-d6-lr05-n500,0.0027020320383798835,1.0
xgb-d6-lr05-n500,0.0027234326367274343,1.0
xgb-d6-lr05-n500,0.0027446367557273288,1.0
xgb-d6-lr05-n500,0.0027671109103230176,1.0
xgb-d6-lr05-n500,0.002790035587188612,1.0
xgb-d6-lr05-n500,0.0028128587830080366,1.0
xgb-d6-lr05-n500,0.0028362226145341937,1.0
xgb-d6-lr05-n500,0.0028594771241830064,1.0
xgb-d6-lr05-n500,0.0028835402812922967,1.0
xgb-d6-lr05-n500,0.002907839297371076,1.0
xgb-d6-lr05-n500,0.002932726837443141,1.0
xgb-d6-lr05-n500,0.0029578655076663045,1.0
xgb-d6-lr05-n500,0.0029832572298325723,1.0
xgb-d6-lr05-n500,0.0030094582975064487,1.0
xgb-d6-lr05-n500,0.003004677384381873,0.9897959183673469
xgb-d6-lr05-n500,0.0030311552763976125,0.9897959183673469
xgb-d6-lr05-n500,0.0030582003909452047,0.9897959183673469
xgb-d6-lr05-n500,0.0030859288009416853,0.9897959183673469
xgb-d6-lr05-n500,0.003114164633363298,0.9897959183673469
xgb-d6-lr05-n500,0.0031434312009851577,0.9897959183673469
xgb-d6-lr05-n500,0.0031722153182026295,0.9897959183673469
xgb-d6-lr05-n500,0.003202799973585155,0.9897959183673469
xgb-d6-lr05-n500,0.0032325790648848603,0.9897959183673469
xgb-d6-lr05-n500,0.0032635758024359062,0.9897959183673469
xgb-d6-lr05-n500,0.003295396636657041,0.9897959183673469
xgb-d6-lr05-n500,0.0033277299392775054,0.9897959183673469
xgb-d6-lr05-n500,0.0033601219343217404,0.9897959183673469
xgb-d6-lr05-n500,0.0033930320414159785,0.9897959183673469
xgb-d6-lr05-n500,0.0034270774448841154,0.9897959183673469
xgb-d6-lr05-n500,0.0034618129907209136,0.9897959183673469
xgb-d6-lr05-n500,0.0034970077150479487,0.9897959183673469
xgb-d6-lr05-n500,0.0035333114777984192,0.9897959183673469
xgb-d6-lr05-n500,0.00357037691401649,0.9897959183673469
xgb-d6-lr05-n500,0.003607691449399338,0.9897959183673469
xgb-d6-lr05-n500,0.0036087512217126533,0.9795918367346939
xgb-d6-lr05-n500,0.0036481094432832986,0.9795918367346939
xgb-d6-lr05-n500,0.0036876272423462526,0.9795918367346939
xgb-d6-lr05-n500,0.0037281553398058253,0.9795918367346939
xgb-d6-lr05-n500,0.003769140164899882,0.9795918367346939
xgb-d6-lr05-n500,0.0038140643623361145,0.9795918367346939
xgb-d6-lr05-n500,0.003857435608952465,0.9795918367346939
xgb-d6-lr05-n500,0.0039035497905908186,0.9795918367346939
xgb-d6-lr05-n500,0.003948992184286302,0.9795918367346939
xgb-d6-lr05-n500,0.003995671356030966,0.9795918367346939
xgb-d6-lr05-n500,0.004043296971739039,0.9795918367346939
xgb-d6-lr05-n500,0.004092246046293533,0.9795918367346939
xgb-d6-lr05-n500,0.004142394822006472,0.9795918367346939
xgb-d6-lr05-n500,0.00419305525223848,0.9795918367346939
xgb-d6-lr05-n500,0.0042451578668081715,0.9795918367346939
xgb-d6-lr05-n500,0.004299341663307806,0.9795918367346939
xgb-d6-lr05-n500,0.004354531434273791,0.9795918367346939
xgb-d6-lr05-n500,0.0044107512060647825,0.9795918367346939
xgb-d6-lr05-n500,0.004469273743016759,0.9795918367346939
xgb-d6-lr05-n500,0.004528729125389187,0.9795918367346939
xgb-d6-lr05-n500,0.004590885180048778,0.9795918367346939
xgb-d6-lr05-n500,0.004653191798749455,0.9795918367346939
xgb-d6-lr05-n500,0.004718604079626444,0.9795918367346939
xgb-d6-lr05-n500,0.004785643070787637,0.9795918367346939
xgb-d6-lr05-n500,0.0048543689320388345,0.9795918367346939
xgb-d6-lr05-n500,0.004929143561306223,0.9795918367346939
xgb-d6-lr05-n500,0.005001302422505861,0.9795918367346939
xgb-d6-lr05-n500,0.005075605371682352,0.9795918367346939
xgb-d6-lr05-n500,0.005100671140939597,0.9693877551020408
xgb-d6-lr05-n500,0.005180217023828999,0.9693877551020408
xgb-d6-lr05-n500,0.005260534913339609,0.9693877551020408
xgb-d6-lr05-n500,0.005345186518876948,0.9693877551020408
xgb-d6-lr05-n500,0.005432607079544805,0.9693877551020408
xgb-d6-lr05-n500,0.005524540590835078,0.9693877551020408
xgb-d6-lr05-n500,0.005616981020516762,0.9693877551020408
xgb-d6-lr05-n500,0.005713942018525202,0.9693877551020408
xgb-d6-lr05-n500,0.005812886250994309,0.9693877551020408
xgb-d6-lr05-n500,0.005915685908213463,0.9693877551020408
xgb-d6-lr05-n500,0.006020660371379682,0.9693877551020408
xgb-d6-lr05-n500,0.006130218752016519,0.9693877551020408
xgb-d6-lr05-n500,0.006243427970557308,0.9693877551020408
xgb-d6-lr05-n500,0.0063600455245363865,0.9693877551020408
xgb-d6-lr05-n500,0.006484199030782882,0.9693877551020408
xgb-d6-lr05-n500,0.006611455216090194,0.9693877551020408
xgb-d6-lr05-n500,0.006743806346276709,0.9693877551020408
xgb-d6-lr05-n500,0.006882561761935811,0.9693877551020408
xgb-d6-lr05-n500,0.0070271469783267995,0.9693877551020408
xgb-d6-lr05-n500,0.007175768562580256,0.9693877551020408
xgb-d6-lr05-n500,0.007330812562697739,0.9693877551020408
xgb-d6-lr05-n500,0.007493295472471999,0.9693877551020408
xgb-d6-lr05-n500,0.00766499919315798,0.9693877551020408
xgb-d6-lr05-n500,0.007763462173769409,0.9591836734693877
xgb-d6-lr05-n500,0.007947243828204262,0.9591836734693877
xgb-d6-lr05-n500,0.008139937651541392,0.9591836734693877
xgb-d6-lr05-n500,0.008254193662909382,0.9489795918367347
xgb-d6-lr05-n500,0.008464549012469283,0.9489795918367347
xgb-d6-lr05-n500,0.008688340807174889,0.9489795918367347
xgb-d6-lr05-n500,0.008920863309352519,0.9489795918367347
xgb-d6-lr05-n500,0.00916888494528246,0.9489795918367347
xgb-d6-lr05-n500,0.009431092181320353,0.9489795918367347
xgb-d6-lr05-n500,0.009708737864077669,0.9489795918367347
xgb-d6-lr05-n500,0.01000107538444994,0.9489795918367347
xgb-d6-lr05-n500,0.010312707917498337,0.9489795918367347
xgb-d6-lr05-n500,0.010643167772945755,0.9489795918367347
xgb-d6-lr05-n500,0.010875990069748197,0.9387755102040817
xgb-d6-lr05-n500,0.011253822629969419,0.9387755102040817
xgb-d6-lr05-n500,0.01165146909827761,0.9387755102040817
xgb-d6-lr05-n500,0.012078246028620192,0.9387755102040817
xgb-d6-lr05-n500,0.012537476151539929,0.9387755102040817
xgb-d6-lr05-n500,0.013038548752834467,0.9387755102040817
xgb-d6-lr05-n500,0.013593380614657211,0.9387755102040817
xgb-d6-lr05-n500,0.014195340225273877,0.9387755102040817
xgb-d6-lr05-n500,0.014845893174116508,0.9387755102040817
xgb-d6-lr05-n500,0.015558937933367156,0.9387755102040817
xgb-d6-lr05-n500,0.01632942847000355,0.9387755102040817
xgb-d6-lr05-n500,0.016996638027642882,0.9285714285714286
xgb-d6-lr05-n500,0.01793103448275862,0.9285714285714286
xgb-d6-lr05-n500,0.01897414512093411,0.9285714285714286
xgb-d6-lr05-n500,0.02014611467788355,0.9285714285714286
xgb-d6-lr05-n500,0.021482530689329555,0.9285714285714286
xgb-d6-lr05-n500,0.023032143761073147,0.9285714285714286
xgb-d6-lr05-n500,0.024788885862162897,0.9285714285714286
xgb-d6-lr05-n500,0.02687536916715889,0.9285714285714286
xgb-d6-lr05-n500,0.029298132646490664,0.9285714285714286
xgb-d6-lr05-n500,0.032246633593196315,0.9285714285714286
xgb-d6-lr05-n500,0.035855003940110326,0.9285714285714286
xgb-d6-lr05-n500,0.04044444444444444,0.9285714285714286
xgb-d6-lr05-n500,0.04631043256997455,0.9285714285714286
xgb-d6-lr05-n500,0.054038004750593824,0.9285714285714286
xgb-d6-lr05-n500,0.06486101211689238,0.9285714285714286
xgb-d6-lr05-n500,0.0809608540925267,0.9285714285714286
xgb-d6-lr05-n500,0.10650887573964497,0.9183673469387755
xgb-d6-lr05-n500,0.15780141843971632,0.9081632653061225
xgb-d6-lr05-n500,0.31095406360424027,0.8979591836734694
xgb-d6-lr05-n500,1.0,0.0
xgb-d8-lr01-n1000,0.001733470124173064,1.0
xgb-d8-lr01-n1000,0.0017423461223909256,1.0
xgb-d8-lr01-n1000,0.0017519709673382556,1.0
xgb-d8-lr01-n1000,0.0017616394031997123,1.0
xgb-d8-lr01-n1000,0.0017709989880005782,1.0
xgb-d8-lr01-n1000,0.0017805232558139536,1.0
xgb-d8-lr01-n1000,0.0017900851203740912,1.0
xgb-d8-lr01-n1000,0.0017997171872991388,1.0
xgb-d8-lr01-n1000,0.001809119438803766,1.0
xgb-d8-lr01-n1000,0.0018187554516266725,1.0
xgb-d8-lr01-n1000,0.0018289382826642778,1.0
xgb-d8-lr01-n1000,0.0018390977161408975,1.0
xgb-d8-lr01-n1000,0.0018489170628631802,1.0
xgb-d8-lr01-n1000,0.0018591239352721341,1.0
xgb-d8-lr01-n1000,0.0018695154521175125,1.0
xgb-d8-lr01-n1000,0.0018797713584225266,1.0
xgb-d8-lr01-n1000,0.001890140410430489,1.0
xgb-d8-lr01-n1000,0.0019008825526137135,1.0
xgb-d8-lr01-n1000,0.0019114864733074568,1.0
xgb-d8-lr01-n1000,0.0019222470675924837,1.0
xgb-d8-lr01-n1000,0.0019334727538176221,1.0
xgb-d8-lr01-n1000,0.0019450233204326684,1.0
xgb-d8-lr01-n1000,0.0019565955237886077,1.0
xgb-d8-lr01-n1000,0.001967555412785095,1.0
xgb-d8-lr01-n1000,0.0019790783149561775,1.0
xgb-d8-lr01-n1000,0.001990736978955066,1.0
xgb-d8-lr01-n1000,0.002002288329519451,1.0
xgb-d8-lr01-n1000,0.002013974517057131,1.0
xgb-d8-lr01-n1000,0.0020259235523949312,1.0
xgb-d8-lr01-n1000,0.0020377185869045393,1.0
xgb-d8-lr01-n1000,0.0020496946373295406,1.0
xgb-d8-lr01-n1000,0.002062115983503072,1.0
xgb-d8-lr01-n1000,0.0020747766439429224,1.0
xgb-d8-lr01-n1000,0.0020872824859960383,1.0
xgb-d8-lr01-n1000,0.0020998500107135207,1.0
xgb-d8-lr01-n1000,0.0021127975163849604,1.0
xgb-d8-lr01-n1000,0.002125951797297004,1.0
xgb-d8-lr01-n1000,0.002139457712963367,1.0
xgb-d8-lr01-n1000,0.002152710658114401,1.0
xgb-d8-lr01-n1000,0.002166607711354793,1.0
xgb-d8-lr01-n1000,0.0021802002224694103,1.0
xgb-d8-lr01-n1000,0.0021939643592728576,1.0
xgb-d8-lr01-n1000,0.0022080526327647974,1.0
xgb-d8-lr01-n1000,0.0022220710609255605,1.0
xgb-d8-lr01-n1000,0.002236268626063939,1.0
xgb-d8-lr01-n1000,0.0022508555547899583,1.0
xgb-d8-lr01-n1000,0.0022655816534122436,1.0
xgb-d8-lr01-n1000,0.0022808201643121466,1.0
xgb-d8-lr01-n1000,0.0022956195830405248,1.0
xgb-d8-lr01-n1000,0.0023111027261579096,1.0
xgb-d8-lr01-n1000,0.0023265751863634204,1.0
xgb-d8-lr01-n1000,0.00234236818203547,1.0
xgb-d8-lr01-n1000,0.002358263547983444,1.0
xgb-d8-lr01-n1000,0.0023743761205601587,1.0
xgb-d8-lr01-n1000,0.00239059374542616,1.0
xgb-d8-lr01-n1000,0.002407152682255846,1.0
xgb-d8-lr01-n1000,0.002423882664292251,1.0
xgb-d8-lr01-n1000,0.0024411508282476025,1.0
xgb-d8-lr01-n1000,0.0024587284861257463,1.0
xgb-d8-lr01-n1000,0.002476498534317194,1.0
xgb-d8-lr01-n1000,0.0024946543121881683,1.0
xgb-d8-lr01-n1000,0.002512949382019591,1.0
xgb-d8-lr01-n1000,0.0025313186103577425,1.0
xgb-d8-lr01-n1000,0.00254989201987875,1.0
xgb-d8-lr01-n1000,0.0025692114093959733,1.0
xgb-d8-lr01-n1000,0.002588210437354743,1.0
xgb-d8-lr01-n1000,0.002608603066439523,1.0
xgb-d8-lr01-n1000,0.002628684852874118,1.0
xgb-d8-lr01-n1000,0.002649221453287197,1.0
xgb-d8-lr01-n1000,0.0026695723236175428,1.0
xgb-d8-lr01-n1000,0.002690312131111538,1.0
xgb-d8-lr01-n1000,0.0027114517333923583,1.0
xgb-d8-lr01-n1000,0.0027054164110001675,0.9897959183673469
xgb-d8-lr01-n1000,0.002727477224159262,0.9897959183673469
xgb-d8-lr01-n1000,0.0027499007767760957,0.9897959183673469
xgb-d8-lr01-n1000,0.0027720621856424325,0.9897959183673469
xgb-d8-lr01-n1000,0.0027957113211897625,0.9897959183673469
xgb-d8-lr01-n1000,0.0028187022346206373,0.9897959183673469
xgb-d8-lr01-n1000,0.00284257414136678,0.9897959183673469
xgb-d8-lr01-n1000,0.0028673623222678765,0.9897959183673469
xgb-d8-lr01-n1000,0.002891896726492159,0.9897959183673469
xgb-d8-lr01-n1000,0.002917995307141568,0.9897959183673469
xgb-d8-lr01-n1000,0.0029432290560427224,0.9897959183673469
xgb-d8-lr01-n1000,0.00296872130746159,0.9897959183673469
xgb-d8-lr01-n1000,0.002994381675618942,0.9897959183673469
xgb-d8-lr01-n1000,0.0030209598554922297,0.9897959183673469
xgb-d8-lr01-n1000,0.003048301436158512,0.9897959183673469
xgb-d8-lr01-n1000,0.0030762400101484208,0.9897959183673469
xgb-d8-lr01-n1000,0.0031043973628624463,0.9897959183673469
xgb-d8-lr01-n1000,0.0031329737411582314,0.9897959183673469
xgb-d8-lr01-n1000,0.0031625965896123374,0.9897959183673469
xgb-d8-lr01-n1000,0.0031925747951156895,0.9897959183673469
xgb-d8-lr01-n1000,0.0032235552158452695,0.9897959183673469
xgb-d8-lr01-n1000,0.003253941630325394,0.9897959183673469
xgb-d8-lr01-n1000,0.0032857965516073302,0.9897959183673469
xgb-d8-lr01-n1000,0.0033180543203119657,0.9897959183673469
xgb-d8-lr01-n1000,0.003350720232132371,0.9897959183673469
xgb-d8-lr01-n1000,0.003384389937545794,0.9897959183673469
xgb-d8-lr01-n1000,0.0034181408133060823,0.9897959183673469
xgb-d8-lr01-n1000,0.003453063258694956,0.9897959183673469
xgb-d8-lr01-n1000,0.003488204833141542,0.9897959183673469
xgb-d8-lr01-n1000,0.0035240690281562216,0.9897959183673469
xgb-d8-lr01-n1000,0.0035608090745567343,0.9897959183673469
xgb-d8-lr01-n1000,0.003598056307726548,0.9897959183673469
xgb-d8-lr01-n1000,0.003636909002287128,0.9897959183673469
xgb-d8-lr01-n1000,0.003675634710117469,0.9897959183673469
xgb-d8-lr01-n1000,0.003715905608335887,0.9897959183673469
xgb-d8-lr01-n1000,0.00375634124617589,0.9897959183673469
xgb-d8-lr01-n1000,0.00379796397807361,0.9897959183673469
xgb-d8-lr01-n1000,0.0038414320224941585,0.9897959183673469
xgb-d8-lr01-n1000,0.0038860622571211087,0.9897959183673469
xgb-d8-lr01-n1000,0.003930467198833016,0.9897959183673469
xgb-d8-lr01-n1000,0.00397589867606673,0.9897959183673469
xgb-d8-lr01-n1000,0.004022225908110797,0.9897959183673469
xgb-d8-lr01-n1000,0.004070841027362766,0.9897959183673469
xgb-d8-lr01-n1000,0.004120120630335981,0.9897959183673469
xgb-d8-lr01-n1000,0.004169890809044794,0.9897959183673469
xgb-d8-lr01-n1000,0.004220694456531198,0.9897959183673469
xgb-d8-lr01-n1000,0.004273504273504274,0.9897959183673469
xgb-d8-lr01-n1000,0.004326494201605709,0.9897959183673469
xgb-d8-lr01-n1000,0.004381408374361986,0.9897959183673469
xgb-d8-lr01-n1000,0.004437937502859496,0.9897959183673469
xgb-d8-lr01-n1000,0.0044974035608308606,0.9897959183673469
xgb-d8-lr01-n1000,0.0045569858122709766,0.9897959183673469
xgb-d8-lr01-n1000,0.004618167968006094,0.9897959183673469
xgb-d8-lr01-n1000,0.004680789460985379,0.9897959183673469
xgb-d8-lr01-n1000,0.0047451325701986105,0.9897959183673469
xgb-d8-lr01-n1000,0.004810792044834598,0.9897959183673469
xgb-d8-lr01-n1000,0.004879275653923541,0.9897959183673469
xgb-d8-lr01-n1000,0.004949737204674185,0.9897959183673469
xgb-d8-lr01-n1000,0.004969715794378009,0.9795918367346939
xgb-d8-lr01-n1000,0.005042546485975417,0.9795918367346939
xgb-d8-lr01-n1000,0.005118635030658491,0.9795918367346939
xgb-d8-lr01-n1000,0.005196492367651835,0.9795918367346939
xgb-d8-lr01-n1000,0.005275884809848318,0.9795918367346939
xgb-d8-lr01-n1000,0.005357142857142857,0.9795918367346939
xgb-d8-lr01-n1000,0.005442485401666761,0.9795918367346939
xgb-d8-lr01-n1000,0.005531865852253083,0.9795918367346939
xgb-d8-lr01-n1000,0.005621925509486999,0.9795918367346939
xgb-d8-lr01-n1000,0.005714285714285714,0.9795918367346939
xgb-d8-lr01-n1000,0.005811841627315656,0.9795918367346939
xgb-d8-lr01-n1000,0.005912786400591279,0.9795918367346939
xgb-d8-lr01-n1000,0.006015791452562978,0.9795918367346939
xgb-d8-lr01-n1000,0.00612205854218481,0.9795918367346939
xgb-d8-lr01-n1000,0.006234171050068186,0.9795918367346939
xgb-d8-lr01-n1000,0.006348786455922227,0.9795918367346939
xgb-d8-lr01-n1000,0.006471183013144591,0.9795918367346939
xgb-d8-lr01-n1000,0.006528312259483232,0.9693877551020408
xgb-d8-lr01-n1000,0.006654991243432574,0.9693877551020408
xgb-d8-lr01-n1000,0.006788138620936048,0.9693877551020408
xgb-d8-lr01-n1000,0.006933800452521714,0.9693877551020408
xgb-d8-lr01-n1000,0.007081625046589639,0.9693877551020408
xgb-d8-lr01-n1000,0.007232034104750305,0.9693877551020408
xgb-d8-lr01-n1000,0.007388396329133613,0.9693877551020408
xgb-d8-lr01-n1000,0.007558278303763227,0.9693877551020408
xgb-d8-lr01-n1000,0.007729232771946953,0.9693877551020408
xgb-d8-lr01-n1000,0.00791007493755204,0.9693877551020408
xgb-d8-lr01-n1000,0.008097511080804637,0.9693877551020408
xgb-d8-lr01-n1000,0.00829549423681453,0.9693877551020408
xgb-d8-lr01-n1000,0.008501879362806514,0.9693877551020408
xgb-d8-lr01-n1000,0.008719596145020651,0.9693877551020408
xgb-d8-lr01-n1000,0.008948756593820648,0.9693877551020408
xgb-d8-lr01-n1000,0.009095307208514756,0.9591836734693877
xgb-d8-lr01-n1000,0.009347653142402546,0.9591836734693877
xgb-d8-lr01-n1000,0.009617352158788622,0.9591836734693877
xgb-d8-lr01-n1000,0.009910384818133895,0.9591836734693877
xgb-d8-lr01-n1000,0.010207405798675209,0.9591836734693877
xgb-d8-lr01-n1000,0.010525137162691748,0.9591836734693877
xgb-d8-lr01-n1000,0.010863284410031203,0.9591836734693877
xgb-d8-lr01-n1000,0.01122656156694136,0.9591836734693877
xgb-d8-lr01-n1000,0.011609237989378782,0.9591836734693877
xgb-d8-lr01-n1000,0.012028150991682661,0.9591836734693877
xgb-d8-lr01-n1000,0.012470151233749005,0.9591836734693877
xgb-d8-lr01-n1000,0.012951226233122072,0.9591836734693877
xgb-d8-lr01-n1000,0.013467048710601719,0.9591836734693877
xgb-d8-lr01-n1000,0.014025663980901224,0.9591836734693877
xgb-d8-lr01-n1000,0.014628073451602863,0.9591836734693877
xgb-d8-lr01-n1000,0.015287038542852497,0.9591836734693877
xgb-d8-lr01-n1000,0.015672913117546847,0.9387755102040817
xgb-d8-lr01-n1000,0.016457960644007157,0.9387755102040817
xgb-d8-lr01-n1000,0.017345399698340876,0.9387755102040817
xgb-d8-lr01-n1000,0.018312101910828025,0.9387755102040817
xgb-d8-lr01-n1000,0.01938883034773446,0.9387755102040817
xgb-d8-lr01-n1000,0.020604703247480403,0.9387755102040817
xgb-d8-lr01-n1000,0.02198327359617682,0.9387755102040817
xgb-d8-lr01-n1000,0.023577652485904665,0.9387755102040817
xgb-d8-lr01-n1000,0.025379310344827585,0.9387755102040817
xgb-d8-lr01-n1000,0.027479091995221028,0.9387755102040817
xgb-d8-lr01-n1000,0.029938171168239505,0.9387755102040817
xgb-d8-lr01-n1000,0.0329277022190408,0.9387755102040817
xgb-d8-lr01-n1000,0.03658051689860835,0.9387755102040817
xgb-d8-lr01-n1000,0.04120017913121361,0.9387755102040817
xgb-d8-lr01-n1000,0.0465711361310133,0.9285714285714286
xgb-d8-lr01-n1000,0.054231227651966626,0.9285714285714286
xgb-d8-lr01-n1000,0.06513958482462419,0.9285714285714286
xgb-d8-lr01-n1000,0.08042895442359249,0.9183673469387755
xgb-d8-lr01-n1000,0.10607866507747318,0.9081632653061225
xgb-d8-lr01-n1000,0.1583629893238434,0.9081632653061225
xgb-d8-lr01-n1000,0.3142857142857143,0.8979591836734694
xgb-d8-lr01-n1000,1.0,0.0
lgbm-l31-lr10-n300-isunb,0.0016980659922067709,1.0
lgbm-l31-lr10-n300-isunb,0.040553435114503815,0.8947368421052632
lgbm-l31-lr10-n300-isunb,0.0405727923627685,0.8947368421052632
lgbm-l31-lr10-n300-isunb,0.04059216809933142,0.8947368421052632
lgbm-l31-lr10-n300-isunb,0.040611562350692784,0.8947368421052632
lgbm-l31-lr10-n300-isunb,0.04066985645933014,0.8947368421052632
lgbm-l31-lr10-n300-isunb,0.04068932503590235,0.8947368421052632
lgbm-l31-lr10-n300-isunb,0.040708812260536395,0.8947368421052632
lgbm-l31-lr10-n300-isunb,0.04072831816003833,0.8947368421052632
lgbm-l31-lr10-n300-isunb,0.04074784276126558,0.8947368421052632
lgbm-l31-lr10-n300-isunb,0.0407673860911271,0.8947368421052632
lgbm-l31-lr10-n300-isunb,0.040786948176583494,0.8947368421052632
lgbm-l31-lr10-n300-isunb,0.04080652904464714,0.8947368421052632
lgbm-l31-lr10-n300-isunb,0.04084574723690534,0.8947368421052632
lgbm-l31-lr10-n300-isunb,0.040865384615384616,0.8947368421052632
lgbm-l31-lr10-n300-isunb,0.040885040885040885,0.8947368421052632
lgbm-l31-lr10-n300-isunb,1.0,0.0
lgbm-l63-lr05-n500-spw,0.0016991593632623859,1.0
lgbm-l63-lr05-n500-spw,0.016403162055335967,0.8736842105263158
lgbm-l63-lr05-n500-spw,0.01640640442775252,0.8736842105263158
lgbm-l63-lr05-n500-spw,0.01640964808224595,0.8736842105263158
lgbm-l63-lr05-n500-spw,0.016412893019576824,0.8736842105263158
lgbm-l63-lr05-n500-spw,0.01641613924050633,0.8736842105263158
lgbm-l63-lr05-n500-spw,0.016419386745796242,0.8736842105263158
lgbm-l63-lr05-n500-spw,0.016422635536208943,0.8736842105263158
lgbm-l63-lr05-n500-spw,0.01642588561250742,0.8736842105263158
lgbm-l63-lr05-n500-spw,0.016435643564356436,0.8736842105263158
lgbm-l63-lr05-n500-spw,0.01643889879183997,0.8736842105263158
lgbm-l63-lr05-n500-spw,0.01644215530903328,0.8736842105263158
lgbm-l63-lr05-n500-spw,0.016445413116702993,0.8736842105263158
lgbm-l63-lr05-n500-spw,0.01644867221561633,0.8736842105263158
lgbm-l63-lr05-n500-spw,0.01645193260654113,0.8736842105263158
lgbm-l63-lr05-n500-spw,0.016455194290245837,0.8736842105263158
lgbm-l63-lr05-n500-spw,0.016458457267499504,0.8736842105263158
lgbm-l63-lr05-n500-spw,0.016461721539071796,0.8736842105263158
lgbm-l63-lr05-n500-spw,0.01646498710573299,0.8736842105263158
lgbm-l63-lr05-n500-spw,0.01646825396825397,0.8736842105263158
lgbm-l63-lr05-n500-spw,0.01647152212740623,0.8736842105263158
lgbm-l63-lr05-n500-spw,0.01647479158396189,0.8736842105263158
lgbm-l63-lr05-n500-spw,0.01647806233869367,0.8736842105263158
lgbm-l63-lr05-n500-spw,0.0164813343923749,0.8736842105263158
lgbm-l63-lr05-n500-spw,0.016484607745779544,0.8736842105263158
lgbm-l63-lr05-n500-spw,0.01648788239968216,0.8736842105263158
lgbm-l63-lr05-n500-spw,0.016491158354857937,0.8736842105263158
lgbm-l63-lr05-n500-spw,0.01649443561208267,0.8736842105263158
lgbm-l63-lr05-n500-spw,1.0,0.0
lgbm-l127-lr01-n1000-isunb,0.0017247144541630735,1.0
lgbm-l127-lr01-n1000-isunb,0.0017334394622800036,1.0
lgbm-l127-lr01-n1000-isunb,0.0017420983396736233,1.0
lgbm-l127-lr01-n1000-isunb,0.0017515952027739549,1.0
lgbm-l127-lr01-n1000-isunb,0.001760816443869484,1.0
lgbm-l127-lr01-n1000-isunb,0.0017700713447123635,1.0
lgbm-l127-lr01-n1000-isunb,0.0017805232558139536,1.0
lgbm-l127-lr01-n1000-isunb,0.0017903140356966697,1.0
lgbm-l127-lr01-n1000-isunb,0.0018001138847559743,1.0
lgbm-l127-lr01-n1000-isunb,0.0018123647661494645,1.0
lgbm-l127-lr01-n1000-isunb,0.0018225776455272457,1.0
lgbm-l127-lr01-n1000-isunb,0.0018333520410072212,1.0
lgbm-l127-lr01-n1000-isunb,0.0018437341260135833,1.0
lgbm-l127-lr01-n1000-isunb,0.0018539187680898961,1.0
lgbm-l127-lr01-n1000-isunb,0.001864358413392942,1.0
lgbm-l127-lr01-n1000-isunb,0.0018753827311696265,1.0
lgbm-l127-lr01-n1000-isunb,0.0018861388044189539,1.0
lgbm-l127-lr01-n1000-isunb,0.0018978639347754518,1.0
lgbm-l127-lr01-n1000-isunb,0.0019093264753443607,1.0
lgbm-l127-lr01-n1000-isunb,0.0019208153665229322,1.0
lgbm-l127-lr01-n1000-isunb,0.001931605400611018,1.0
lgbm-l127-lr01-n1000-isunb,0.0019429409782113047,1.0
lgbm-l127-lr01-n1000-isunb,0.0019542934630877836,1.0
lgbm-l127-lr01-n1000-isunb,0.0019655822536002246,1.0
lgbm-l127-lr01-n1000-isunb,0.0019770421029272327,1.0
lgbm-l127-lr01-n1000-isunb,0.0019884346149944203,1.0
lgbm-l127-lr01-n1000-isunb,0.002000122456476927,1.0
lgbm-l127-lr01-n1000-isunb,0.002011865902978793,1.0
lgbm-l127-lr01-n1000-isunb,0.002023706273489448,1.0
lgbm-l127-lr01-n1000-isunb,0.0020368715316026855,1.0
lgbm-l127-lr01-n1000-isunb,0.0020487947651203144,1.0
lgbm-l127-lr01-n1000-isunb,0.002061118472248512,1.0
lgbm-l127-lr01-n1000-isunb,0.0020737229675398872,1.0
lgbm-l127-lr01-n1000-isunb,0.0020875937286980234,1.0
lgbm-l127-lr01-n1000-isunb,0.0021005251312828208,1.0
lgbm-l127-lr01-n1000-isunb,0.0021133898341635935,1.0
lgbm-l127-lr01-n1000-isunb,0.0021266438088624624,1.0
lgbm-l127-lr01-n1000-isunb,0.002140065075448213,1.0
lgbm-l127-lr01-n1000-isunb,0.0021534675221939,1.0
lgbm-l127-lr01-n1000-isunb,0.0021667993278500046,1.0
lgbm-l127-lr01-n1000-isunb,0.002180636834961394,1.0
lgbm-l127-lr01-n1000-isunb,0.002194553923324973,1.0
lgbm-l127-lr01-n1000-isunb,0.0022085004732501014,1.0
lgbm-l127-lr01-n1000-isunb,0.0022226254195772477,1.0
lgbm-l127-lr01-n1000-isunb,0.002237085397310932,1.0
lgbm-l127-lr01-n1000-isunb,0.0022518382352941175,1.0
lgbm-l127-lr01-n1000-isunb,0.0022665772370886045,1.0
lgbm-l127-lr01-n1000-isunb,0.0022583874647854533,0.9897959183673469
lgbm-l127-lr01-n1000-isunb,0.0022733664572982095,0.9897959183673469
lgbm-l127-lr01-n1000-isunb,0.0022888694872460415,0.9897959183673469
lgbm-l127-lr01-n1000-isunb,0.0023042569365260357,0.9897959183673469
lgbm-l127-lr01-n1000-isunb,0.0023200746250807243,0.9897959183673469
lgbm-l127-lr01-n1000-isunb,0.002335885950970476,0.9897959183673469
lgbm-l127-lr01-n1000-isunb,0.0023524846603448692,0.9897959183673469
lgbm-l127-lr01-n1000-isunb,0.002368800214901463,0.9897959183673469
lgbm-l127-lr01-n1000-isunb,0.0023856956639366437,0.9897959183673469
lgbm-l127-lr01-n1000-isunb,0.0024022982812422606,0.9897959183673469
lgbm-l127-lr01-n1000-isunb,0.0024193749532337317,0.9897959183673469
lgbm-l127-lr01-n1000-isunb,0.0024368797889712346,0.9897959183673469
lgbm-l127-lr01-n1000-isunb,0.0024550125281567158,0.9897959183673469
lgbm-l127-lr01-n1000-isunb,0.002472975729145421,0.9897959183673469
lgbm-l127-lr01-n1000-isunb,0.002490819916287908,0.9897959183673469
lgbm-l127-lr01-n1000-isunb,0.002509248001655586,0.9897959183673469
lgbm-l127-lr01-n1000-isunb,0.002528082566655373,0.9897959183673469
lgbm-l127-lr01-n1000-isunb,0.002546733879437093,0.9897959183673469
lgbm-l127-lr01-n1000-isunb,0.002566137566137566,0.9897959183673469
lgbm-l127-lr01-n1000-isunb,0.0025854945757923073,0.9897959183673469
lgbm-l127-lr01-n1000-isunb,0.0026054257319366105,0.9897959183673469
lgbm-l127-lr01-n1000-isunb,0.0026250270621346614,0.9897959183673469
lgbm-l127-lr01-n1000-isunb,0.00264521407144805,0.9897959183673469
lgbm-l127-lr01-n1000-isunb,0.002665713971639002,0.9897959183673469
lgbm-l127-lr01-n1000-isunb,0.002686385288578708,0.9897959183673469
lgbm-l127-lr01-n1000-isunb,0.0027072285794027353,0.9897959183673469
lgbm-l127-lr01-n1000-isunb,0.00272885838068981,0.9897959183673469
lgbm-l127-lr01-n1000-isunb,0.0027508365946344506,0.9897959183673469
lgbm-l127-lr01-n1000-isunb,0.0027728546109427707,0.9897959183673469
lgbm-l127-lr01-n1000-isunb,0.002795308492550647,0.9897959183673469
lgbm-l127-lr01-n1000-isunb,0.0028179652547789206,0.9897959183673469
lgbm-l127-lr01-n1000-isunb,0.0028412419449326304,0.9897959183673469
lgbm-l127-lr01-n1000-isunb,0.0028649063736783035,0.9897959183673469
lgbm-l127-lr01-n1000-isunb,0.0028888822706019,0.9897959183673469
lgbm-l127-lr01-n1000-isunb,0.0029133503529058416,0.9897959183673469
lgbm-l127-lr01-n1000-isunb,0.0029384144679046376,0.9897959183673469
lgbm-l127-lr01-n1000-isunb,0.0029640041557171667,0.9897959183673469
lgbm-l127-lr01-n1000-isunb,0.002989582691240831,0.9897959183673469
lgbm-l127-lr01-n1000-isunb,0.0030159815931845033,0.9897959183673469
lgbm-l127-lr01-n1000-isunb,0.0030429463249364744,0.9897959183673469
lgbm-l127-lr01-n1000-isunb,0.0030700088618812508,0.9897959183673469
lgbm-l127-lr01-n1000-isunb,0.003097458168348448,0.9897959183673469
lgbm-l127-lr01-n1000-isunb,0.0031253020588330057,0.9897959183673469
lgbm-l127-lr01-n1000-isunb,0.0031546767269415897,0.9897959183673469
lgbm-l127-lr01-n1000-isunb,0.0031841906575189576,0.9897959183673469
lgbm-l127-lr01-n1000-isunb,0.003214262045198489,0.9897959183673469
lgbm-l127-lr01-n1000-isunb,0.0032446897474494064,0.9897959183673469
lgbm-l127-lr01-n1000-isunb,0.003276584245372247,0.9897959183673469
lgbm-l127-lr01-n1000-isunb,0.0033084348033698284,0.9897959183673469
lgbm-l127-lr01-n1000-isunb,0.0033411408101405348,0.9897959183673469
lgbm-l127-lr01-n1000-isunb,0.0033749695556869975,0.9897959183673469
lgbm-l127-lr01-n1000-isunb,0.0034084121016198744,0.9897959183673469
lgbm-l127-lr01-n1000-isunb,0.003442279711842152,0.9897959183673469
lgbm-l127-lr01-n1000-isunb,0.003477076388142094,0.9897959183673469
lgbm-l127-lr01-n1000-isunb,0.003512710943724198,0.9897959183673469
lgbm-l127-lr01-n1000-isunb,0.00355012260732716,0.9897959183673469
lgbm-l127-lr01-n1000-isunb,0.0035878088474626422,0.9897959183673469
lgbm-l127-lr01-n1000-isunb,0.0036258971291866027,0.9897959183673469
lgbm-l127-lr01-n1000-isunb,0.003665079724930099,0.9897959183673469
lgbm-l127-lr01-n1000-isunb,0.003704693885345453,0.9897959183673469
lgbm-l127-lr01-n1000-isunb,0.0037448845648984635,0.9897959183673469
lgbm-l127-lr01-n1000-isunb,0.003786104605776737,0.9897959183673469
lgbm-l127-lr01-n1000-isunb,0.0038283932588704266,0.9897959183673469
lgbm-l127-lr01-n1000-isunb,0.003871482737976452,0.9897959183673469
lgbm-l127-lr01-n1000-isunb,0.0039161855545238,0.9897959183673469
lgbm-l127-lr01-n1000-isunb,0.003960800326663945,0.9897959183673469
lgbm-l127-lr01-n1000-isunb,0.004007767632111722,0.9897959183673469
lgbm-l127-lr01-n1000-isunb,0.004055183946488294,0.9897959183673469
lgbm-l127-lr01-n1000-isunb,0.004103041326509031,0.9897959183673469
lgbm-l127-lr01-n1000-isunb,0.004154175588865096,0.9897959183673469
lgbm-l127-lr01-n1000-isunb,0.004205506178192066,0.9897959183673469
lgbm-l127-lr01-n1000-isunb,0.004257934243448488,0.9897959183673469
lgbm-l127-lr01-n1000-isunb,0.004311111111111111,0.9897959183673469
lgbm-l127-lr01-n1000-isunb,0.004366026016113787,0.9897959183673469
lgbm-l127-lr01-n1000-isunb,0.004421350107115183,0.9897959183673469
lgbm-l127-lr01-n1000-isunb,0.004479128186183967,0.9897959183673469
lgbm-l127-lr01-n1000-isunb,0.004538648699232641,0.9897959183673469
lgbm-l127-lr01-n1000-isunb,0.004599336178283547,0.9897959183673469
lgbm-l127-lr01-n1000-isunb,0.004661220567035079,0.9897959183673469
lgbm-l127-lr01-n1000-isunb,0.004725483509524042,0.9897959183673469
lgbm-l127-lr01-n1000-isunb,0.004791543173285912,0.9897959183673469
lgbm-l127-lr01-n1000-isunb,0.004860206433510371,0.9897959183673469
lgbm-l127-lr01-n1000-isunb,0.004929613254052955,0.9897959183673469
lgbm-l127-lr01-n1000-isunb,0.005000773315461154,0.9897959183673469
lgbm-l127-lr01-n1000-isunb,0.00507481427226117,0.9897959183673469
lgbm-l127-lr01-n1000-isunb,0.005149713314928859,0.9897959183673469
lgbm-l127-lr01-n1000-isunb,0.005227419702522096,0.9897959183673469
lgbm-l127-lr01-n1000-isunb,0.005307507113153863,0.9897959183673469
lgbm-l127-lr01-n1000-isunb,0.005390386218393999,0.9897959183673469
lgbm-l127-lr01-n1000-isunb,0.005475585661868473,0.9897959183673469
lgbm-l127-lr01-n1000-isunb,0.005563521651849728,0.9897959183673469
lgbm-l127-lr01-n1000-isunb,0.005654987465749431,0.9897959183673469
lgbm-l127-lr01-n1000-isunb,0.005748488799336257,0.9897959183673469
lgbm-l127-lr01-n1000-isunb,0.0058454863203567554,0.9897959183673469
lgbm-l127-lr01-n1000-isunb,0.005884516366311144,0.9795918367346939
lgbm-l127-lr01-n1000-isunb,0.005986530306809678,0.9795918367346939
lgbm-l127-lr01-n1000-isunb,0.006094464195022855,0.9795918367346939
lgbm-l127-lr01-n1000-isunb,0.006205158037618771,0.9795918367346939
lgbm-l127-lr01-n1000-isunb,0.00631911532385466,0.9795918367346939
lgbm-l127-lr01-n1000-isunb,0.006437768240343348,0.9795918367346939
lgbm-l127-lr01-n1000-isunb,0.006561859193438141,0.9795918367346939
lgbm-l127-lr01-n1000-isunb,0.006619747752769842,0.9693877551020408
lgbm-l127-lr01-n1000-isunb,0.006751474664202971,0.9693877551020408
lgbm-l127-lr01-n1000-isunb,0.006888051044083527,0.9693877551020408
lgbm-l127-lr01-n1000-isunb,0.007030787448194198,0.9693877551020408
lgbm-l127-lr01-n1000-isunb,0.007182821714804174,0.9693877551020408
lgbm-l127-lr01-n1000-isunb,0.007338740826573967,0.9693877551020408
lgbm-l127-lr01-n1000-isunb,0.007500394757618822,0.9693877551020408
lgbm-l127-lr01-n1000-isunb,0.007669330749979817,0.9693877551020408
lgbm-l127-lr01-n1000-isunb,0.007846700256050219,0.9693877551020408
lgbm-l127-lr01-n1000-isunb,0.008031788975312816,0.9693877551020408
lgbm-l127-lr01-n1000-isunb,0.00822795773428027,0.9693877551020408
lgbm-l127-lr01-n1000-isunb,0.00843095491657792,0.9693877551020408
lgbm-l127-lr01-n1000-isunb,0.008645795413178012,0.9693877551020408
lgbm-l127-lr01-n1000-isunb,0.008875186846038864,0.9693877551020408
lgbm-l127-lr01-n1000-isunb,0.009121459433509362,0.9693877551020408
lgbm-l127-lr01-n1000-isunb,0.009375308398302576,0.9693877551020408
lgbm-l127-lr01-n1000-isunb,0.009645649304497919,0.9693877551020408
lgbm-l127-lr01-n1000-isunb,0.009929967596947841,0.9693877551020408
lgbm-l127-lr01-n1000-isunb,0.010227150392937883,0.9693877551020408
lgbm-l127-lr01-n1000-isunb,0.010545010545010546,0.9693877551020408
lgbm-l127-lr01-n1000-isunb,0.010884509624197984,0.9693877551020408
lgbm-l127-lr01-n1000-isunb,0.011243934193395668,0.9693877551020408
lgbm-l127-lr01-n1000-isunb,0.011509734296559325,0.9591836734693877
lgbm-l127-lr01-n1000-isunb,0.01191683569979716,0.9591836734693877
lgbm-l127-lr01-n1000-isunb,0.012355415352260778,0.9591836734693877
lgbm-l127-lr01-n1000-isunb,0.012839775986887037,0.9591836734693877
lgbm-l127-lr01-n1000-isunb,0.013208351086493396,0.9489795918367347
lgbm-l127-lr01-n1000-isunb,0.013753327417923691,0.9489795918367347
lgbm-l127-lr01-n1000-isunb,0.014345210550670985,0.9489795918367347
lgbm-l127-lr01-n1000-isunb,0.01484349790254921,0.9387755102040817
lgbm-l127-lr01-n1000-isunb,0.01554579249746536,0.9387755102040817
lgbm-l127-lr01-n1000-isunb,0.016323633782824698,0.9387755102040817
lgbm-l127-lr01-n1000-isunb,0.017170586039567004,0.9387755102040817
lgbm-l127-lr01-n1000-isunb,0.01811023622047244,0.9387755102040817
lgbm-l127-lr01-n1000-isunb,0.018954384503228495,0.9285714285714286
lgbm-l127-lr01-n1000-isunb,0.02013719849524231,0.9285714285714286
lgbm-l127-lr01-n1000-isunb,0.021457203489742987,0.9285714285714286
lgbm-l127-lr01-n1000-isunb,0.022968197879858657,0.9285714285714286
lgbm-l127-lr01-n1000-isunb,0.024708118381754005,0.9285714285714286
lgbm-l127-lr01-n1000-isunb,0.026455026455026454,0.9183673469387755
lgbm-l127-lr01-n1000-isunb,0.028827674567584883,0.9183673469387755
lgbm-l127-lr01-n1000-isunb,0.03169014084507042,0.9183673469387755
lgbm-l127-lr01-n1000-isunb,0.0351288056206089,0.9183673469387755
lgbm-l127-lr01-n1000-isunb,0.039473684210526314,0.9183673469387755
lgbm-l127-lr01-n1000-isunb,0.04472361809045226,0.9081632653061225
lgbm-l127-lr01-n1000-isunb,0.05275637225844695,0.9081632653061225
lgbm-l127-lr01-n1000-isunb,0.06294706723891273,0.8979591836734694
lgbm-l127-lr01-n1000-isunb,0.07864164432529044,0.8979591836734694
lgbm-l127-lr01-n1000-isunb,0.10476190476190476,0.8979591836734694
lgbm-l127-lr01-n1000-isunb,0.15714285714285714,0.8979591836734694
lgbm-l127-lr01-n1000-isunb,0.3120567375886525,0.8979591836734694
lgbm-l127-lr01-n1000-isunb,1.0,0.0
