run_name,fpr,tpr
logreg-baseline,0.0,0.0
logreg-baseline,0.00019375748608468964,0.6020408163265306
logreg-baseline,0.0002642147537518495,0.7959183673469388
logreg-baseline,0.0004403579229197492,0.826530612244898
logreg-baseline,0.0013210737687592475,0.8469387755102041
logreg-baseline,0.0015852885225110971,0.8775510204081632
logreg-baseline,0.005795110265623899,0.8877551020408163
logreg-baseline,0.006253082505460438,0.8877551020408163
logreg-baseline,0.011466920312830269,0.8979591836734694
logreg-baseline,0.014197139434932714,0.9081632653061225
logreg-baseline,0.01587049954202776,0.9081632653061225
logreg-baseline,0.02221165363207215,0.9081632653061225
logreg-baseline,0.023409427182413865,0.9081632653061225
logreg-baseline,0.02693229056577186,0.9183673469387755
logreg-baseline,0.029715352638624674,0.9183673469387755
logreg-baseline,0.03619742126400338,0.9183673469387755
logreg-baseline,0.03878672585077151,0.9183673469387755
logreg-baseline,0.05854998943140985,0.9183673469387755
logreg-baseline,0.06911857958148383,0.9183673469387755
logreg-baseline,0.07961671246389065,0.9285714285714286
logreg-baseline,0.08490100753892764,0.9387755102040817
logreg-baseline,0.08652152469527231,0.9387755102040817
logreg-baseline,0.09291552173606707,0.9387755102040817
logreg-baseline,0.09923906150919468,0.9489795918367347
logreg-baseline,0.10801099133375608,0.9489795918367347
logreg-baseline,0.11870288170224759,0.9489795918367347
logreg-baseline,0.1271225251884732,0.9489795918367347
logreg-baseline,0.1486824490946241,0.9489795918367347
logreg-baseline,0.1604488127950398,0.9489795918367347
logreg-baseline,0.17535052490664413,0.9489795918367347
logreg-baseline,0.17885577397308533,0.9489795918367347
logreg-baseline,0.19335235679560347,0.9489795918367347
logreg-baseline,0.19425068695835976,0.9489795918367347
logreg-baseline,0.1957655182132037,0.9489795918367347
logreg-baseline,0.2045198337208483,0.9489795918367347
logreg-baseline,0.20883534136546184,0.9489795918367347
logreg-baseline,0.21852321566969632,0.9489795918367347
logreg-baseline,0.22565701402099628,0.9489795918367347
logreg-baseline,0.2387796801240048,0.9489795918367347
logreg-baseline,0.24202071443669415,0.9489795918367347
logreg-baseline,0.24726978087789755,0.9489795918367347
logreg-baseline,0.2581025857817234,0.9489795918367347
logreg-baseline,0.264091453533432,0.9489795918367347
logreg-baseline,0.2747833439019235,0.9489795918367347
logreg-baseline,0.27659761854435283,0.9489795918367347
logreg-baseline,0.28174099908405553,0.9489795918367347
logreg-baseline,0.2824455717607271,0.9489795918367347
logreg-baseline,0.28487634749524415,0.9489795918367347
logreg-baseline,0.2912351159022053,0.9489795918367347
logreg-baseline,0.2987740435425914,0.9489795918367347
logreg-baseline,0.3021207637567815,0.9489795918367347
logreg-baseline,0.30837384626224196,0.9489795918367347
logreg-baseline,0.3104347213415064,0.9489795918367347
logreg-baseline,0.3132530120481928,0.9591836734693877
logreg-baseline,0.3171105474529698,0.9591836734693877
logreg-baseline,0.3196470090889875,0.9591836734693877
logreg-baseline,0.3203691960825759,0.9591836734693877
logreg-baseline,0.32558303388994575,0.9591836734693877
logreg-baseline,0.3274501514831255,0.9591836734693877
logreg-baseline,0.32926442612555484,0.9591836734693877
logreg-baseline,0.3309201719157331,0.9591836734693877
logreg-baseline,0.3322764743183259,0.9591836734693877
logreg-baseline,0.3361340097231029,0.9591836734693877
logreg-baseline,0.34402522370182487,0.9591836734693877
logreg-baseline,0.3467906714577609,0.9591836734693877
logreg-baseline,0.3480765165926865,0.9591836734693877
logreg-baseline,0.35524554357782007,0.9591836734693877
logreg-baseline,0.3580814486014232,0.9591836734693877
logreg-baseline,0.36063552455435777,0.9693877551020408
logreg-baseline,0.3615338547171141,0.9693877551020408
logreg-baseline,0.36472204607905306,0.9693877551020408
logreg-baseline,0.36791023744099205,0.9693877551020408
logreg-baseline,0.3691080109913338,0.9693877551020408
logreg-baseline,0.37049954202776014,0.9693877551020408
logreg-baseline,0.37511449305995914,0.9693877551020408
logreg-baseline,0.38001127316282673,0.9693877551020408
logreg-baseline,0.3817198619037554,0.9693877551020408
logreg-baseline,0.3852074966532798,0.9693877551020408
logreg-baseline,0.3918480941309096,0.9693877551020408
logreg-baseline,0.3941203410131755,0.9693877551020408
logreg-baseline,0.3951419713943493,0.9693877551020408
logreg-baseline,0.4049179172831678,0.9693877551020408
logreg-baseline,0.4084407806665257,0.9693877551020408
logreg-baseline,0.41293243148030717,0.9693877551020408
logreg-baseline,0.4140949763968153,0.9693877551020408
logreg-baseline,0.4148171633904037,0.9693877551020408
logreg-baseline,0.4174240822940886,0.9693877551020408
logreg-baseline,0.41915028535193405,0.9693877551020408
logreg-baseline,0.4226907630522088,0.9693877551020408
logreg-baseline,0.42531529627281056,0.9693877551020408
logreg-baseline,0.4272352568167406,0.9693877551020408
logreg-baseline,0.4308461917846826,0.9693877551020408
logreg-baseline,0.43424575494962303,0.9693877551020408
logreg-baseline,0.4365884590995561,0.9693877551020408
logreg-baseline,0.441379553300923,0.9693877551020408
logreg-baseline,0.4422074261960121,0.9693877551020408
logreg-baseline,0.44583597548087084,0.9693877551020408
logreg-baseline,0.4506270696822377,0.9693877551020408
logreg-baseline,0.45439653350243076,0.9693877551020408
logreg-baseline,0.4595575283590502,0.9693877551020408
logreg-baseline,0.46249911928415416,0.9693877551020408
logreg-baseline,0.46986190375537235,0.9693877551020408
logreg-baseline,0.47465299795673926,0.9693877551020408
logreg-baseline,0.47572747128866344,0.9693877551020408
logreg-baseline,0.4891143521454238,0.9693877551020408
logreg-baseline,0.4968294229549778,0.9693877551020408
logreg-baseline,0.4992073557387445,0.9795918367346939
logreg-baseline,0.5050729232720355,0.9795918367346939
logreg-baseline,0.5087719298245614,0.9795918367346939
logreg-baseline,0.5129289086169239,0.9897959183673469
logreg-baseline,0.5145494257732686,0.9897959183673469
logreg-baseline,0.5164870006341155,0.9897959183673469
logreg-baseline,0.5205735221588107,0.9897959183673469
logreg-baseline,0.5241844571267527,0.9897959183673469
logreg-baseline,0.5305079968998803,0.9897959183673469
logreg-baseline,0.5311068836750511,0.9897959183673469
logreg-baseline,0.5341893891354893,0.9897959183673469
logreg-baseline,0.5387338829000211,0.9897959183673469
logreg-baseline,0.5397026703304446,0.9897959183673469
logreg-baseline,0.5428204044247165,0.9897959183673469
logreg-baseline,0.5447227506517297,0.9897959183673469
logreg-baseline,0.5478580990629184,0.9897959183673469
logreg-baseline,0.5489501867117593,0.9897959183673469
logreg-baseline,0.5565771859367293,0.9897959183673469
logreg-baseline,0.560047206369337,0.9897959183673469
logreg-baseline,0.5637814415556964,0.9897959183673469
logreg-baseline,0.5685725357570633,0.9897959183673469
logreg-baseline,0.5696293947720708,0.9897959183673469
logreg-baseline,0.5737511449305996,0.9897959183673469
logreg-baseline,0.5748608468963574,0.9897959183673469
logreg-baseline,0.5766751215387868,0.9897959183673469
logreg-baseline,0.578242795744381,0.9897959183673469
logreg-baseline,0.580761643063482,0.9897959183673469
logreg-baseline,0.5842140491791729,0.9897959183673469
logreg-baseline,0.5902909885154654,0.9897959183673469
logreg-baseline,0.5975480870851828,0.9897959183673469
logreg-baseline,0.6058972733037413,0.9897959183673469
logreg-baseline,0.6086627210596773,0.9897959183673469
logreg-baseline,0.6131543718734588,0.9897959183673469
logreg-baseline,0.6143521454238005,0.9897959183673469
logreg-baseline,0.6196540548157542,0.9897959183673469
logreg-baseline,0.6216797012611851,0.9897959183673469
logreg-baseline,0.6308567603748326,0.9897959183673469
logreg-baseline,0.6389769604734729,0.9897959183673469
logreg-baseline,0.6461459874586064,0.9897959183673469
logreg-baseline,0.6598146973860354,0.9897959183673469
logreg-baseline,0.6683400267737617,0.9897959183673469
logreg-baseline,0.6706475022898613,0.9897959183673469
logreg-baseline,0.6883851194250687,0.9897959183673469
logreg-baseline,0.692718241386599,0.9897959183673469
logreg-baseline,0.6980377650954696,0.9897959183673469
logreg-baseline,0.7021419009370816,0.9897959183673469
logreg-baseline,0.7069153808215317,0.9897959183673469
logreg-baseline,0.7075671105474529,0.9897959183673469
logreg-baseline,0.709909814697386,0.9897959183673469
logreg-baseline,0.7255865567533291,0.9897959183673469
logreg-baseline,0.7289332769675192,0.9897959183673469
logreg-baseline,0.7337595998027197,0.9897959183673469
logreg-baseline,0.734481786796308,0.9897959183673469
logreg-baseline,0.7509687874304235,0.9897959183673469
logreg-baseline,0.75428027901078,0.9897959183673469
logreg-baseline,0.7587367011907278,0.9897959183673469
logreg-baseline,0.7745191291481717,0.9897959183673469
logreg-baseline,0.7766328471781865,0.9897959183673469
logreg-baseline,0.781529627281054,0.9897959183673469
logreg-baseline,0.7874832663989291,0.9897959183673469
logreg-baseline,0.8113330515042627,0.9897959183673469
logreg-baseline,0.8173571478898048,0.9897959183673469
logreg-baseline,0.8242091171704361,0.9897959183673469
logreg-baseline,0.8348305502712605,0.9897959183673469
logreg-baseline,0.846949200310012,0.9897959183673469
logreg-baseline,0.8496441907982808,0.9897959183673469
logreg-baseline,0.8536954836891425,0.9897959183673469
logreg-baseline,0.8688614105544987,0.9897959183673469
logreg-baseline,0.8742513915310365,0.9897959183673469
logreg-baseline,0.8848904389487776,0.9897959183673469
logreg-baseline,0.8924645952229973,0.9897959183673469
logreg-baseline,0.897766504614951,0.9897959183673469
logreg-baseline,0.9007609384908053,1.0
logreg-baseline,0.9020115549918974,1.0
logreg-baseline,0.9052525893045867,1.0
logreg-baseline,0.9225674628337913,1.0
logreg-baseline,0.9235362502642147,1.0
logreg-baseline,0.9302120763756782,1.0
logreg-baseline,0.9319382794335236,1.0
logreg-baseline,0.9337349397590361,1.0
logreg-baseline,0.9346684985556261,1.0
logreg-baseline,0.9353906855492145,1.0
logreg-baseline,0.9418903684915099,1.0
logreg-baseline,0.9432995138448531,1.0
logreg-baseline,0.9509969703374903,1.0
logreg-baseline,0.9523180441062495,1.0
logreg-baseline,0.9594166138237159,1.0
logreg-baseline,0.9682237722821109,1.0
logreg-baseline,0.9783872331430987,1.0
logreg-baseline,0.9807299372930318,1.0
logreg-baseline,0.9899598393574297,1.0
logreg-baseline,0.9902064397942648,1.0
logreg-baseline,0.9979567392376524,1.0
logreg-baseline,1.0,1.0
xgb-d4-lr10-n300,0.0,0.0
xgb-d4-lr10-n300,3.5264039495724237e-05,0.7448979591836735
xgb-d4-lr10-n300,0.0006347527109230362,0.8673469387755102
xgb-d4-lr10-n300,0.00483117341091422,0.8979591836734694
xgb-d4-lr10-n300,0.015798289694084457,0.9081632653061225
xgb-d4-lr10-n300,0.023468218284404478,0.9081632653061225
xgb-d4-lr10-n300,0.02715331041170766,0.9285714285714286
xgb-d4-lr10-n300,0.031913955743630436,0.9285714285714286
xgb-d4-lr10-n300,0.036745129154544656,0.9285714285714286
xgb-d4-lr10-n300,0.04517323459402275,0.9387755102040817
xgb-d4-lr10-n300,0.05668694348937671,0.9387755102040817
xgb-d4-lr10-n300,0.0646918804549061,0.9387755102040817
xgb-d4-lr10-n300,0.0755884686590849,0.9387755102040817
xgb-d4-lr10-n300,0.08821299479855417,0.9387755102040817
xgb-d4-lr10-n300,0.11009433130565106,0.9387755102040817
xgb-d4-lr10-n300,0.1152428810720268,0.9387755102040817
xgb-d4-lr10-n300,0.12285991360310324,0.9387755102040817
xgb-d4-lr10-n300,0.1247818037556202,0.9387755102040817
xgb-d4-lr10-n300,0.13479679097240588,0.9489795918367347
xgb-d4-lr10-n300,0.1414087983778542,0.9489795918367347
xgb-d4-lr10-n300,0.1494137353433836,0.9489795918367347
xgb-d4-lr10-n300,0.15521466984043022,0.9489795918367347
xgb-d4-lr10-n300,0.15872344177025477,0.9489795918367347
xgb-d4-lr10-n300,0.17159481618619413,0.9489795918367347
xgb-d4-lr10-n300,0.17690205413030063,0.9489795918367347
xgb-d4-lr10-n300,0.1846425107996121,0.9489795918367347
xgb-d4-lr10-n300,0.18875077140086396,0.9591836734693877
xgb-d4-lr10-n300,0.19550383496429516,0.9591836734693877
xgb-d4-lr10-n300,0.20738781627435424,0.9591836734693877
xgb-d4-lr10-n300,0.21161950101384114,0.9591836734693877
xgb-d4-lr10-n300,0.21488142466719562,0.9591836734693877
xgb-d4-lr10-n300,0.22189896852684474,0.9693877551020408
xgb-d4-lr10-n300,0.22854623997178877,0.9693877551020408
xgb-d4-lr10-n300,0.23776778629992065,0.9693877551020408
xgb-d4-lr10-n300,0.2404478533015957,0.9693877551020408
xgb-d4-lr10-n300,0.24721854888477476,0.9693877551020408
xgb-d4-lr10-n300,0.251273913426783,0.9693877551020408
xgb-d4-lr10-n300,0.2570572159040818,0.9693877551020408
xgb-d4-lr10-n300,0.2629463104998678,0.9693877551020408
xgb-d4-lr10-n300,0.2656087454817949,0.9693877551020408
xgb-d4-lr10-n300,0.2727320814599312,0.9693877551020408
xgb-d4-lr10-n300,0.2767521819624438,0.9693877551020408
xgb-d4-lr10-n300,0.28050780216873844,0.9693877551020408
xgb-d4-lr10-n300,0.2857797760733492,0.9693877551020408
xgb-d4-lr10-n300,0.291563078550648,0.9693877551020408
xgb-d4-lr10-n300,0.2957418672308913,0.9795918367346939
xgb-d4-lr10-n300,0.3014193775897029,0.9795918367346939
xgb-d4-lr10-n300,0.30316494754474127,0.9795918367346939
xgb-d4-lr10-n300,0.31400863968967646,0.9897959183673469
xgb-d4-lr10-n300,0.31788768403420614,0.9897959183673469
xgb-d4-lr10-n300,0.3227893855241118,0.9897959183673469
xgb-d4-lr10-n300,0.3281671515472097,0.9897959183673469
xgb-d4-lr10-n300,0.3299656175614917,0.9897959183673469
xgb-d4-lr10-n300,0.3350260072291281,0.9897959183673469
xgb-d4-lr10-n300,0.33881689147491845,0.9897959183673469
xgb-d4-lr10-n300,0.3468394604601957,0.9897959183673469
xgb-d4-lr10-n300,0.3571718240324429,0.9897959183673469
xgb-d4-lr10-n300,0.3642951600105792,0.9897959183673469
xgb-d4-lr10-n300,0.37191219254165564,0.9897959183673469
xgb-d4-lr10-n300,0.3755620206294631,0.9897959183673469
xgb-d4-lr10-n300,0.3807282024155867,0.9897959183673469
xgb-d4-lr10-n300,0.386828881248347,0.9897959183673469
xgb-d4-lr10-n300,0.3903023891386758,0.9897959183673469
xgb-d4-lr10-n300,0.39527461870757297,0.9897959183673469
xgb-d4-lr10-n300,0.40312086749537157,0.9897959183673469
xgb-d4-lr10-n300,0.4078109847483029,0.9897959183673469
xgb-d4-lr10-n300,0.4187252049722296,0.9897959183673469
xgb-d4-lr10-n300,0.43078550647976727,0.9897959183673469
xgb-d4-lr10-n300,0.4364806488583267,0.9897959183673469
xgb-d4-lr10-n300,0.4413999823679802,0.9897959183673469
xgb-d4-lr10-n300,0.4478533015956978,0.9897959183673469
xgb-d4-lr10-n300,0.4540774045666931,0.9897959183673469
xgb-d4-lr10-n300,0.45971965088600897,0.9897959183673469
xgb-d4-lr10-n300,0.4689940932733845,0.9897959183673469
xgb-d4-lr10-n300,0.47271444944018337,0.9897959183673469
xgb-d4-lr10-n300,0.47594110905404213,0.9897959183673469
xgb-d4-lr10-n300,0.4860442563695671,0.9897959183673469
xgb-d4-lr10-n300,0.49223309530106674,0.9897959183673469
xgb-d4-lr10-n300,0.49828087807458343,0.9897959183673469
xgb-d4-lr10-n300,0.5064092391783479,0.9897959183673469
xgb-d4-lr10-n300,0.5106938199770784,0.9897959183673469
xgb-d4-lr10-n300,0.5149431367363131,0.9897959183673469
xgb-d4-lr10-n300,0.5180816362514326,0.9897959183673469
xgb-d4-lr10-n300,0.5219783126157101,0.9897959183673469
xgb-d4-lr10-n300,0.5269152781451115,0.9897959183673469
xgb-d4-lr10-n300,0.5288195362778806,0.9897959183673469
xgb-d4-lr10-n300,0.536066296394252,0.9897959183673469
xgb-d4-lr10-n300,0.5412853742396192,0.9897959183673469
xgb-d4-lr10-n300,0.546292867848012,0.9897959183673469
xgb-d4-lr10-n300,0.5517058979106056,0.9897959183673469
xgb-d4-lr10-n300,0.5574892003879044,0.9897959183673469
xgb-d4-lr10-n300,0.5626024861147845,0.9897959183673469
xgb-d4-lr10-n300,0.5665696905580534,0.9897959183673469
xgb-d4-lr10-n300,0.5722295688971172,0.9897959183673469
xgb-d4-lr10-n300,0.5792647447765141,0.9897959183673469
xgb-d4-lr10-n300,0.5850127832143172,0.9897959183673469
xgb-d4-lr10-n300,0.589262099973552,0.9897959183673469
xgb-d4-lr10-n300,0.5911310940668254,0.9897959183673469
xgb-d4-lr10-n300,0.5922066472714449,0.9897959183673469
xgb-d4-lr10-n300,0.5932645684563167,0.9897959183673469
xgb-d4-lr10-n300,0.5988186546768932,0.9897959183673469
xgb-d4-lr10-n300,0.6053601340033501,0.9897959183673469
xgb-d4-lr10-n300,0.6084633694789738,0.9897959183673469
xgb-d4-lr10-n300,0.6138940315613154,0.9897959183673469
xgb-d4-lr10-n300,0.6242792911928061,0.9897959183673469
xgb-d4-lr10-n300,0.6299744335713656,0.9897959183673469
xgb-d4-lr10-n300,0.6338534779158953,0.9897959183673469
xgb-d4-lr10-n300,0.6433395045402451,0.9897959183673469
xgb-d4-lr10-n300,0.6479943577536806,0.9897959183673469
xgb-d4-lr10-n300,0.6517499779599754,0.9897959183673469
xgb-d4-lr10-n300,0.6549766375738341,0.9897959183673469
xgb-d4-lr10-n300,0.6583267213259278,0.9897959183673469
xgb-d4-lr10-n300,0.6610420523670987,0.9897959183673469
xgb-d4-lr10-n300,0.6698580622410297,0.9897959183673469
xgb-d4-lr10-n300,0.6763995415674866,0.9897959183673469
xgb-d4-lr10-n300,0.6797496253195804,0.9897959183673469
xgb-d4-lr10-n300,0.6866437450409945,0.9897959183673469
xgb-d4-lr10-n300,0.6922154632813189,0.9897959183673469
xgb-d4-lr10-n300,0.6973640130476946,0.9897959183673469
xgb-d4-lr10-n300,0.701401745569955,0.9897959183673469
xgb-d4-lr10-n300,0.7039936524728908,0.9897959183673469
xgb-d4-lr10-n300,0.7097593229304416,0.9897959183673469
xgb-d4-lr10-n300,0.7141496958476593,0.9897959183673469
xgb-d4-lr10-n300,0.7189808692585735,0.9897959183673469
xgb-d4-lr10-n300,0.7206911751741162,0.9897959183673469
xgb-d4-lr10-n300,0.7240588909459579,0.9897959183673469
xgb-d4-lr10-n300,0.7259278850392312,0.9897959183673469
xgb-d4-lr10-n300,0.7321343559904787,0.9897959183673469
xgb-d4-lr10-n300,0.7371242175791237,0.9897959183673469
xgb-d4-lr10-n300,0.7396632284228158,0.9897959183673469
xgb-d4-lr10-n300,0.7426254077404567,0.9897959183673469
xgb-d4-lr10-n300,0.7478444855858238,0.9897959183673469
xgb-d4-lr10-n300,0.7516706338711099,0.9897959183673469
xgb-d4-lr10-n300,0.7539980604778277,0.9897959183673469
xgb-d4-lr10-n300,0.7559199506303447,0.9897959183673469
xgb-d4-lr10-n300,0.7583179053160539,0.9897959183673469
xgb-d4-lr10-n300,0.7632901348849511,0.9897959183673469
xgb-d4-lr10-n300,0.7668165388345235,0.9897959183673469
xgb-d4-lr10-n300,0.7685797408093097,1.0
xgb-d4-lr10-n300,0.7726703693908137,1.0
xgb-d4-lr10-n300,0.776866790090805,1.0
xgb-d4-lr10-n300,0.7807987304945782,1.0
xgb-d4-lr10-n300,0.784519086661377,1.0
xgb-d4-lr10-n300,0.7902142290399365,1.0
xgb-d4-lr10-n300,0.7924358635281672,1.0
xgb-d4-lr10-n300,0.7955390990037909,1.0
xgb-d4-lr10-n300,0.7983249581239531,1.0
xgb-d4-lr10-n300,0.8054659261218372,1.0
xgb-d4-lr10-n300,0.8095389226835934,1.0
xgb-d4-lr10-n300,0.8122189896852684,1.0
xgb-d4-lr10-n300,0.8154809133386229,1.0
xgb-d4-lr10-n300,0.8221987128625584,1.0
xgb-d4-lr10-n300,0.8261835493255753,1.0
xgb-d4-lr10-n300,0.8302565458873314,1.0
xgb-d4-lr10-n300,0.8354756237326986,1.0
xgb-d4-lr10-n300,0.8434100326192365,1.0
xgb-d4-lr10-n300,0.8505686326368685,1.0
xgb-d4-lr10-n300,0.8552587498897999,1.0
xgb-d4-lr10-n300,0.861641541038526,1.0
xgb-d4-lr10-n300,0.8656087454817949,1.0
xgb-d4-lr10-n300,0.8700343824385083,1.0
xgb-d4-lr10-n300,0.8756237326985806,1.0
xgb-d4-lr10-n300,0.8810191307414265,1.0
xgb-d4-lr10-n300,0.8866437450409944,1.0
xgb-d4-lr10-n300,0.8899233007140968,1.0
xgb-d4-lr10-n300,0.8930618002292162,1.0
xgb-d4-lr10-n300,0.8951247465397161,1.0
xgb-d4-lr10-n300,0.8979106056598783,1.0
xgb-d4-lr10-n300,0.9009962091157542,1.0
xgb-d4-lr10-n300,0.903976020453143,1.0
xgb-d4-lr10-n300,0.9059860707043992,1.0
xgb-d4-lr10-n300,0.9104117076611126,1.0
xgb-d4-lr10-n300,0.9147668165388345,1.0
xgb-d4-lr10-n300,0.917640835757736,1.0
xgb-d4-lr10-n300,0.9197743101472273,1.0
xgb-d4-lr10-n300,0.9224014810896588,1.0
xgb-d4-lr10-n300,0.9247112756766288,1.0
xgb-d4-lr10-n300,0.9288371682976285,1.0
xgb-d4-lr10-n300,0.9328925328396368,1.0
xgb-d4-lr10-n300,0.9380939786652561,1.0
xgb-d4-lr10-n300,0.9415322225160893,1.0
xgb-d4-lr10-n300,0.94449440183373,1.0
xgb-d4-lr10-n300,0.9488318786917042,1.0
xgb-d4-lr10-n300,0.9505245525874989,1.0
xgb-d4-lr10-n300,0.9536101560433747,1.0
xgb-d4-lr10-n300,0.9564841752622762,1.0
xgb-d4-lr10-n300,0.9590937141849599,1.0
xgb-d4-lr10-n300,0.963043286608481,1.0
xgb-d4-lr10-n300,0.9655646654324253,1.0
xgb-d4-lr10-n300,0.9697787181521643,1.0
xgb-d4-lr10-n300,0.9740104028916512,1.0
xgb-d4-lr10-n300,0.9761615093008904,1.0
xgb-d4-lr10-n300,0.9780481354139117,1.0
xgb-d4-lr10-n300,0.9824032442916336,1.0
xgb-d4-lr10-n300,0.9849775191748215,1.0
xgb-d4-lr10-n300,0.9871815216433042,1.0
xgb-d4-lr10-n300,0.9896323723882571,1.0
xgb-d4-lr10-n300,0.9927179758441329,1.0
xgb-d4-lr10-n300,0.9952040906285815,1.0
xgb-d4-lr10-n300,1.0,1.0
xgb-d6-lr05-n500,0.0,0.0
xgb-d6-lr05-n500,1.7666908114410895e-05,0.7244897959183674
xgb-d6-lr05-n500,0.00014133526491528716,0.8367346938775511
xgb-d6-lr05-n500,0.000512340335317916,0.8775510204081632
xgb-d6-lr05-n500,0.008974789322120735,0.9081632653061225
xgb-d6-lr05-n500,0.01888592477430525,0.9285714285714286
xgb-d6-lr05-n500,0.0332314541632069,0.9285714285714286
xgb-d6-lr05-n500,0.037206508488949346,0.9285714285714286
xgb-d6-lr05-n500,0.042488914015158204,0.9285714285714286
xgb-d6-lr05-n500,0.048407328233485855,0.9285714285714286
xgb-d6-lr05-n500,0.05575676200908079,0.9285714285714286
xgb-d6-lr05-n500,0.06278819143861633,0.9285714285714286
xgb-d6-lr05-n500,0.06944861579774923,0.9285714285714286
xgb-d6-lr05-n500,0.07711605391940357,0.9285714285714286
xgb-d6-lr05-n500,0.09531296927724679,0.9387755102040817
xgb-d6-lr05-n500,0.10900482306591523,0.9387755102040817
xgb-d6-lr05-n500,0.11439323004081056,0.9387755102040817
xgb-d6-lr05-n500,0.12025864353479497,0.9387755102040817
xgb-d6-lr05-n500,0.130664452414183,0.9387755102040817
xgb-d6-lr05-n500,0.14661767044149604,0.9387755102040817
xgb-d6-lr05-n500,0.15492111725526916,0.9489795918367347
xgb-d6-lr05-n500,0.16868363867639524,0.9489795918367347
xgb-d6-lr05-n500,0.17811776760949066,0.9489795918367347
xgb-d6-lr05-n500,0.18910658445665424,0.9489795918367347
xgb-d6-lr05-n500,0.19626168224299065,0.9489795918367347
xgb-d6-lr05-n500,0.20827517976079007,0.9591836734693877
xgb-d6-lr05-n500,0.21267423988127837,0.9693877551020408
xgb-d6-lr05-n500,0.21749730579651255,0.9693877551020408
xgb-d6-lr05-n500,0.22157836157094146,0.9693877551020408
xgb-d6-lr05-n500,0.23196650354221507,0.9693877551020408
xgb-d6-lr05-n500,0.2417539706375987,0.9693877551020408
xgb-d6-lr05-n500,0.2493154073105666,0.9693877551020408
xgb-d6-lr05-n500,0.25339646308499547,0.9693877551020408
xgb-d6-lr05-n500,0.2602512234333869,0.9693877551020408
xgb-d6-lr05-n500,0.27101037047506316,0.9693877551020408
xgb-d6-lr05-n500,0.2834832076038373,0.9693877551020408
xgb-d6-lr05-n500,0.2892602865572496,0.9693877551020408
xgb-d6-lr05-n500,0.2942776884617423,0.9693877551020408
xgb-d6-lr05-n500,0.29662738724095894,0.9693877551020408
xgb-d6-lr05-n500,0.30118544953447696,0.9693877551020408
xgb-d6-lr05-n500,0.3051605038602194,0.9693877551020408
xgb-d6-lr05-n500,0.30618518453085525,0.9693877551020408
xgb-d6-lr05-n500,0.31247460381958553,0.9693877551020408
xgb-d6-lr05-n500,0.315460311290921,0.9693877551020408
xgb-d6-lr05-n500,0.32519477766196137,0.9693877551020408
xgb-d6-lr05-n500,0.32902849672278855,0.9693877551020408
xgb-d6-lr05-n500,0.3322438739996113,0.9693877551020408
xgb-d6-lr05-n500,0.3402823171916683,0.9795918367346939
xgb-d6-lr05-n500,0.34395703407946576,0.9795918367346939
xgb-d6-lr05-n500,0.3460063954207374,0.9795918367346939
xgb-d6-lr05-n500,0.350847128244086,0.9795918367346939
xgb-d6-lr05-n500,0.35517552073211667,0.9795918367346939
xgb-d6-lr05-n500,0.35840856491705386,0.9795918367346939
xgb-d6-lr05-n500,0.3624719537833684,0.9795918367346939
xgb-d6-lr05-n500,0.3701570588131371,0.9795918367346939
xgb-d6-lr05-n500,0.3740614455064219,0.9795918367346939
xgb-d6-lr05-n500,0.3791848488596011,0.9795918367346939
xgb-d6-lr05-n500,0.3846969241912973,0.9795918367346939
xgb-d6-lr05-n500,0.39497906471388444,0.9795918367346939
xgb-d6-lr05-n500,0.40411285620903487,0.9795918367346939
xgb-d6-lr05-n500,0.4117626274225748,0.9795918367346939
xgb-d6-lr05-n500,0.41563168029963077,0.9795918367346939
xgb-d6-lr05-n500,0.420843418193382,0.9795918367346939
xgb-d6-lr05-n500,0.42418246382700564,0.9795918367346939
xgb-d6-lr05-n500,0.43391693019804606,0.9795918367346939
xgb-d6-lr05-n500,0.4352949490309701,0.9795918367346939
xgb-d6-lr05-n500,0.4414430330547851,0.9795918367346939
xgb-d6-lr05-n500,0.4440224016394891,0.9795918367346939
xgb-d6-lr05-n500,0.4473614472731127,0.9795918367346939
xgb-d6-lr05-n500,0.4537038672861862,0.9795918367346939
xgb-d6-lr05-n500,0.46147730685652705,0.9795918367346939
xgb-d6-lr05-n500,0.4646926841333498,0.9795918367346939
xgb-d6-lr05-n500,0.46801406285885905,0.9795918367346939
xgb-d6-lr05-n500,0.47080543434093597,0.9897959183673469
xgb-d6-lr05-n500,0.47849053937070474,0.9897959183673469
xgb-d6-lr05-n500,0.4815469144744978,0.9897959183673469
xgb-d6-lr05-n500,0.486670317827677,0.9897959183673469
xgb-d6-lr05-n500,0.4934897443598396,0.9897959183673469
xgb-d6-lr05-n500,0.499955832729714,0.9897959183673469
xgb-d6-lr05-n500,0.5067752592618766,0.9897959183673469
xgb-d6-lr05-n500,0.5136653534264968,0.9897959183673469
xgb-d6-lr05-n500,0.5173047364980655,0.9897959183673469
xgb-d6-lr05-n500,0.5207321166722612,0.9897959183673469
xgb-d6-lr05-n500,0.5260851898309277,0.9897959183673469
xgb-d6-lr05-n500,0.5348479762556755,0.9897959183673469
xgb-d6-lr05-n500,0.537233008851121,0.9897959183673469
xgb-d6-lr05-n500,0.5442997720968853,0.9897959183673469
xgb-d6-lr05-n500,0.5480981573414837,0.9897959183673469
xgb-d6-lr05-n500,0.549317174001378,0.9897959183673469
xgb-d6-lr05-n500,0.5547409147925022,0.9897959183673469
xgb-d6-lr05-n500,0.5611363355299189,0.9897959183673469
xgb-d6-lr05-n500,0.5688391074678021,0.9897959183673469
xgb-d6-lr05-n500,0.5736268395668074,1.0
xgb-d6-lr05-n500,0.5771072204653463,1.0
xgb-d6-lr05-n500,0.5876543646096497,1.0
xgb-d6-lr05-n500,0.5916647527516209,1.0
xgb-d6-lr05-n500,0.5940674522551809,1.0
xgb-d6-lr05-n500,0.5983958447432115,1.0
xgb-d6-lr05-n500,0.600957546419801,1.0
xgb-d6-lr05-n500,0.605338939632175,1.0
xgb-d6-lr05-n500,0.6110806847693585,1.0
xgb-d6-lr05-n500,0.6136600533540625,1.0
xgb-d6-lr05-n500,0.6182887832800381,1.0
xgb-d6-lr05-n500,0.6205324806105683,1.0
xgb-d6-lr05-n500,0.6245075349363108,1.0
xgb-d6-lr05-n500,0.6344010034803809,1.0
xgb-d6-lr05-n500,0.6388177305089836,1.0
xgb-d6-lr05-n500,0.6430577884564422,1.0
xgb-d6-lr05-n500,0.6467325053442396,1.0
xgb-d6-lr05-n500,0.6523682490327368,1.0
xgb-d6-lr05-n500,0.655389290320301,1.0
xgb-d6-lr05-n500,0.657579986926488,1.0
xgb-d6-lr05-n500,0.6603536915004505,1.0
xgb-d6-lr05-n500,0.6650884228751126,1.0
xgb-d6-lr05-n500,0.6685688037736516,1.0
xgb-d6-lr05-n500,0.6710068370934402,1.0
xgb-d6-lr05-n500,0.6766602476900517,1.0
xgb-d6-lr05-n500,0.6825079942759218,1.0
xgb-d6-lr05-n500,0.6877020652615585,1.0
xgb-d6-lr05-n500,0.6915004505061569,1.0
xgb-d6-lr05-n500,0.6946098263342932,1.0
xgb-d6-lr05-n500,0.7004222391039344,1.0
xgb-d6-lr05-n500,0.7080366765012455,1.0
xgb-d6-lr05-n500,0.7120647315513312,1.0
xgb-d6-lr05-n500,0.7190254933484092,1.0
xgb-d6-lr05-n500,0.7238485592636432,1.0
xgb-d6-lr05-n500,0.7278059466812713,1.0
xgb-d6-lr05-n500,0.7342190343268025,1.0
xgb-d6-lr05-n500,0.7372047417981379,1.0
xgb-d6-lr05-n500,0.7394661060367825,1.0
xgb-d6-lr05-n500,0.7467448721799198,1.0
xgb-d6-lr05-n500,0.7490062364185643,1.0
xgb-d6-lr05-n500,0.7533522958147094,1.0
xgb-d6-lr05-n500,0.7562320018373584,1.0
xgb-d6-lr05-n500,0.7640231083158137,1.0
xgb-d6-lr05-n500,0.7729625638217056,1.0
xgb-d6-lr05-n500,0.7802413299648429,1.0
xgb-d6-lr05-n500,0.7847463915340176,1.0
xgb-d6-lr05-n500,0.7898697948871968,1.0
xgb-d6-lr05-n500,0.7930498383477907,1.0
xgb-d6-lr05-n500,0.7970955603059908,1.0
xgb-d6-lr05-n500,0.8036853170326661,1.0
xgb-d6-lr05-n500,0.8093210607211632,1.0
xgb-d6-lr05-n500,0.8113704220624348,1.0
xgb-d6-lr05-n500,0.814903803685317,1.0
xgb-d6-lr05-n500,0.8206455488225006,1.0
xgb-d6-lr05-n500,0.8244792678833277,1.0
xgb-d6-lr05-n500,0.8290196632687313,1.0
xgb-d6-lr05-n500,0.8378354504178224,1.0
xgb-d6-lr05-n500,0.8394608059643481,1.0
xgb-d6-lr05-n500,0.8446725438580994,1.0
xgb-d6-lr05-n500,0.8503259544547109,1.0
xgb-d6-lr05-n500,0.8540536720668516,1.0
xgb-d6-lr05-n500,0.8570923802625302,1.0
xgb-d6-lr05-n500,0.8595657473985477,1.0
xgb-d6-lr05-n500,0.8653604932600746,1.0
xgb-d6-lr05-n500,0.8690882108722152,1.0
xgb-d6-lr05-n500,0.8727099270356695,1.0
xgb-d6-lr05-n500,0.8784340052647386,1.0
xgb-d6-lr05-n500,0.8806953695033832,1.0
xgb-d6-lr05-n500,0.8828507322933413,1.0
xgb-d6-lr05-n500,0.8881508047276646,1.0
xgb-d6-lr05-n500,0.8927618677455259,1.0
xgb-d6-lr05-n500,0.8970902602335565,1.0
xgb-d6-lr05-n500,0.9015599879865025,1.0
xgb-d6-lr05-n500,0.9058000459339611,1.0
xgb-d6-lr05-n500,0.9099871031570764,1.0
xgb-d6-lr05-n500,0.9159408511916329,1.0
xgb-d6-lr05-n500,0.9179725456247902,1.0
xgb-d6-lr05-n500,0.9233256187834568,1.0
xgb-d6-lr05-n500,0.926646997508966,1.0
xgb-d6-lr05-n500,0.9311343921700264,1.0
xgb-d6-lr05-n500,0.933784428387188,1.0
xgb-d6-lr05-n500,0.9411515290708973,1.0
xgb-d6-lr05-n500,0.9430242213310248,1.0
xgb-d6-lr05-n500,0.9460275957104747,1.0
xgb-d6-lr05-n500,0.9486599650195219,1.0
xgb-d6-lr05-n500,0.9531296927724678,1.0
xgb-d6-lr05-n500,0.9584120982986768,1.0
xgb-d6-lr05-n500,0.960832464710351,1.0
xgb-d6-lr05-n500,0.9635355016518559,1.0
xgb-d6-lr05-n500,0.9676518912425136,1.0
xgb-d6-lr05-n500,0.9701782591028744,1.0
xgb-d6-lr05-n500,0.9722806211684893,1.0
xgb-d6-lr05-n500,0.9779340317651007,1.0
xgb-d6-lr05-n500,0.9796830556684275,1.0
xgb-d6-lr05-n500,0.9820150875395297,1.0
xgb-d6-lr05-n500,0.983145769658852,1.0
xgb-d6-lr05-n500,0.9836581099941699,1.0
xgb-d6-lr05-n500,0.9852481317244669,1.0
xgb-d6-lr05-n500,0.9868028196385351,1.0
xgb-d6-lr05-n500,0.9887461795311202,1.0
xgb-d6-lr05-n500,0.989293853682667,1.0
xgb-d6-lr05-n500,0.9910075437697649,1.0
xgb-d6-lr05-n500,0.9919438898998286,1.0
xgb-d6-lr05-n500,0.9943995901277317,1.0
xgb-d6-lr05-n500,0.9949649311873929,1.0
xgb-d6-lr05-n500,0.9956716075119694,1.0
xgb-d6-lr05-n500,0.9969259579880925,1.0
xgb-d6-lr05-n500,1.0,1.0
xgb-d8-lr01-n1000,0.0,0.0
xgb-d8-lr01-n1000,5.315755900489049e-05,0.7551020408163265
xgb-d8-lr01-n1000,0.00035438372669927,0.8367346938775511
xgb-d8-lr01-n1000,0.003171734353958466,0.8979591836734694
xgb-d8-lr01-n1000,0.009001346658161458,0.9081632653061225
xgb-d8-lr01-n1000,0.023017223049117585,0.9285714285714286
xgb-d8-lr01-n1000,0.03930115529094904,0.9387755102040817
xgb-d8-lr01-n1000,0.04888723509816429,0.9387755102040817
xgb-d8-lr01-n1000,0.07204621163796159,0.9387755102040817
xgb-d8-lr01-n1000,0.08028563328371961,0.9387755102040817
xgb-d8-lr01-n1000,0.08829470550712311,0.9387755102040817
xgb-d8-lr01-n1000,0.10032603302856333,0.9387755102040817
xgb-d8-lr01-n1000,0.11055000354383726,0.9591836734693877
xgb-d8-lr01-n1000,0.1322382876178326,0.9591836734693877
xgb-d8-lr01-n1000,0.14862853497767384,0.9591836734693877
xgb-d8-lr01-n1000,0.16443404918846127,0.9591836734693877
xgb-d8-lr01-n1000,0.17022822311999433,0.9591836734693877
xgb-d8-lr01-n1000,0.17479977319441492,0.9591836734693877
xgb-d8-lr01-n1000,0.18326954426252748,0.9693877551020408
xgb-d8-lr01-n1000,0.1913140548586009,0.9693877551020408
xgb-d8-lr01-n1000,0.2016974980508895,0.9693877551020408
xgb-d8-lr01-n1000,0.21282514706924657,0.9693877551020408
xgb-d8-lr01-n1000,0.22099369196966476,0.9693877551020408
xgb-d8-lr01-n1000,0.22707137288255724,0.9693877551020408
xgb-d8-lr01-n1000,0.23710043234814657,0.9693877551020408
xgb-d8-lr01-n1000,0.2433375859380537,0.9693877551020408
xgb-d8-lr01-n1000,0.24870649939754766,0.9693877551020408
xgb-d8-lr01-n1000,0.2578673187327238,0.9693877551020408
xgb-d8-lr01-n1000,0.26380324615493655,0.9795918367346939
xgb-d8-lr01-n1000,0.2692075979871004,0.9795918367346939
xgb-d8-lr01-n1000,0.27583457367637676,0.9795918367346939
xgb-d8-lr01-n1000,0.28795449712949184,0.9795918367346939
xgb-d8-lr01-n1000,0.2954497129491814,0.9795918367346939
xgb-d8-lr01-n1000,0.3081189311786803,0.9795918367346939
xgb-d8-lr01-n1000,0.31299170742079524,0.9795918367346939
xgb-d8-lr01-n1000,0.3256963640229641,0.9795918367346939
xgb-d8-lr01-n1000,0.33404210078673185,0.9795918367346939
xgb-d8-lr01-n1000,0.3423346799914948,0.9897959183673469
xgb-d8-lr01-n1000,0.34731377135161956,0.9897959183673469
xgb-d8-lr01-n1000,0.35142462258133106,0.9897959183673469
xgb-d8-lr01-n1000,0.36255227159968817,0.9897959183673469
xgb-d8-lr01-n1000,0.3692324048479694,0.9897959183673469
xgb-d8-lr01-n1000,0.37538096250620173,0.9897959183673469
xgb-d8-lr01-n1000,0.3810333829470551,0.9897959183673469
xgb-d8-lr01-n1000,0.3836381033382947,0.9897959183673469
xgb-d8-lr01-n1000,0.390282798213906,0.9897959183673469
xgb-d8-lr01-n1000,0.39561627330073,0.9897959183673469
xgb-d8-lr01-n1000,0.40277482458005526,0.9897959183673469
xgb-d8-lr01-n1000,0.4104826706357644,0.9897959183673469
xgb-d8-lr01-n1000,0.4159047416542632,0.9897959183673469
xgb-d8-lr01-n1000,0.4199801545113048,0.9897959183673469
xgb-d8-lr01-n1000,0.4232050464242682,0.9897959183673469
xgb-d8-lr01-n1000,0.4263413424055567,0.9897959183673469
xgb-d8-lr01-n1000,0.43162165993337587,0.9897959183673469
xgb-d8-lr01-n1000,0.4380360053866326,0.9897959183673469
xgb-d8-lr01-n1000,0.4413494932312708,0.9897959183673469
xgb-d8-lr01-n1000,0.4459210433056914,0.9897959183673469
xgb-d8-lr01-n1000,0.44981926429938335,0.9897959183673469
xgb-d8-lr01-n1000,0.4541250265787795,0.9897959183673469
xgb-d8-lr01-n1000,0.461655680771139,0.9897959183673469
xgb-d8-lr01-n1000,0.46527039478347154,0.9897959183673469
xgb-d8-lr01-n1000,0.47147211000070877,0.9897959183673469
xgb-d8-lr01-n1000,0.4751931391310511,0.9897959183673469
xgb-d8-lr01-n1000,0.4794634630377773,0.9897959183673469
xgb-d8-lr01-n1000,0.4855765823233397,0.9897959183673469
xgb-d8-lr01-n1000,0.49059111205613437,0.9897959183673469
xgb-d8-lr01-n1000,0.49535757318023954,0.9897959183673469
xgb-d8-lr01-n1000,0.49939754766461125,0.9897959183673469
xgb-d8-lr01-n1000,0.5040931320433766,0.9897959183673469
xgb-d8-lr01-n1000,0.5085583669997874,0.9897959183673469
xgb-d8-lr01-n1000,0.5129704443971933,0.9897959183673469
xgb-d8-lr01-n1000,0.516549720036856,0.9897959183673469
xgb-d8-lr01-n1000,0.5191190020554256,0.9897959183673469
xgb-d8-lr01-n1000,0.5231766957261322,0.9897959183673469
xgb-d8-lr01-n1000,0.525745977744702,0.9897959183673469
xgb-d8-lr01-n1000,0.530122616769438,0.9897959183673469
xgb-d8-lr01-n1000,0.5357750372102913,0.9897959183673469
xgb-d8-lr01-n1000,0.5380962506201715,0.9897959183673469
xgb-d8-lr01-n1000,0.541250265787795,0.9897959183673469
xgb-d8-lr01-n1000,0.5435006024523353,0.9897959183673469
xgb-d8-lr01-n1000,0.5464242681976044,0.9897959183673469
xgb-d8-lr01-n1000,0.5497554752285775,0.9897959183673469
xgb-d8-lr01-n1000,0.5541498334396484,0.9897959183673469
xgb-d8-lr01-n1000,0.5567013962718832,0.9897959183673469
xgb-d8-lr01-n1000,0.560156637607201,0.9897959183673469
xgb-d8-lr01-n1000,0.562619604507761,0.9897959183673469
xgb-d8-lr01-n1000,0.5667304557374725,0.9897959183673469
xgb-d8-lr01-n1000,0.5693528953150472,0.9897959183673469
xgb-d8-lr01-n1000,0.5767949535757319,0.9897959183673469
xgb-d8-lr01-n1000,0.5809589623644482,0.9897959183673469
xgb-d8-lr01-n1000,0.5856545467432136,0.9897959183673469
xgb-d8-lr01-n1000,0.5885427741158126,0.9897959183673469
xgb-d8-lr01-n1000,0.5909348642710327,0.9897959183673469
xgb-d8-lr01-n1000,0.5931320433765681,0.9897959183673469
xgb-d8-lr01-n1000,0.5955772910907932,0.9897959183673469
xgb-d8-lr01-n1000,0.5991211283577859,0.9897959183673469
xgb-d8-lr01-n1000,0.6017790063080304,0.9897959183673469
xgb-d8-lr01-n1000,0.6093096605003898,0.9897959183673469
xgb-d8-lr01-n1000,0.6136862995251258,0.9897959183673469
xgb-d8-lr01-n1000,0.6157948826989864,0.9897959183673469
xgb-d8-lr01-n1000,0.6184173222765611,0.9897959183673469
xgb-d8-lr01-n1000,0.6240874619037494,0.9897959183673469
xgb-d8-lr01-n1000,0.6265327096179744,0.9897959183673469
xgb-d8-lr01-n1000,0.6307675951520306,0.9897959183673469
xgb-d8-lr01-n1000,0.6335140690339499,0.9897959183673469
xgb-d8-lr01-n1000,0.636384577220214,1.0
xgb-d8-lr01-n1000,0.6393791197108228,1.0
xgb-d8-lr01-n1000,0.6424268197604366,1.0
xgb-d8-lr01-n1000,0.6474945070522362,1.0
xgb-d8-lr01-n1000,0.6535190304061238,1.0
xgb-d8-lr01-n1000,0.6555212984619746,1.0
xgb-d8-lr01-n1000,0.6595435537600114,1.0
xgb-d8-lr01-n1000,0.6637784392940677,1.0
xgb-d8-lr01-n1000,0.6670033312070309,1.0
xgb-d8-lr01-n1000,0.673293642355943,1.0
xgb-d8-lr01-n1000,0.6764299383372315,1.0
xgb-d8-lr01-n1000,0.6789992203558013,1.0
xgb-d8-lr01-n1000,0.6835530512438869,1.0
xgb-d8-lr01-n1000,0.6889928414487206,1.0
xgb-d8-lr01-n1000,0.6917038769579701,1.0
xgb-d8-lr01-n1000,0.6950350839889432,1.0
xgb-d8-lr01-n1000,0.6991104968459848,1.0
xgb-d8-lr01-n1000,0.7022467928272734,1.0
xgb-d8-lr01-n1000,0.7047629172868382,1.0
xgb-d8-lr01-n1000,0.707243603373733,1.0
xgb-d8-lr01-n1000,0.7113721737897796,1.0
xgb-d8-lr01-n1000,0.7162095116592246,1.0
xgb-d8-lr01-n1000,0.722287192572117,1.0
xgb-d8-lr01-n1000,0.7286306612800341,1.0
xgb-d8-lr01-n1000,0.7343539584662272,1.0
xgb-d8-lr01-n1000,0.7378446381742151,1.0
xgb-d8-lr01-n1000,0.7435856545467432,1.0
xgb-d8-lr01-n1000,0.7470408958820611,1.0
xgb-d8-lr01-n1000,0.7523034942235453,1.0
xgb-d8-lr01-n1000,0.7605251966829684,1.0
xgb-d8-lr01-n1000,0.7623502728754695,1.0
xgb-d8-lr01-n1000,0.7691898788007655,1.0
xgb-d8-lr01-n1000,0.7716528457013254,1.0
xgb-d8-lr01-n1000,0.7780849103409171,1.0
xgb-d8-lr01-n1000,0.785402934297257,1.0
xgb-d8-lr01-n1000,0.7889822099369197,1.0
xgb-d8-lr01-n1000,0.7936600751293501,1.0
xgb-d8-lr01-n1000,0.798072152526756,1.0
xgb-d8-lr01-n1000,0.8036536962222695,1.0
xgb-d8-lr01-n1000,0.80583315614147,1.0
xgb-d8-lr01-n1000,0.8103692678432206,1.0
xgb-d8-lr01-n1000,0.8134701254518393,1.0
xgb-d8-lr01-n1000,0.8158444964207243,1.0
xgb-d8-lr01-n1000,0.8207172726628393,1.0
xgb-d8-lr01-n1000,0.8257849599546389,1.0
xgb-d8-lr01-n1000,0.8311184350414629,1.0
xgb-d8-lr01-n1000,0.8355836699978737,1.0
xgb-d8-lr01-n1000,0.8392692607555461,1.0
xgb-d8-lr01-n1000,0.8435218654759373,1.0
xgb-d8-lr01-n1000,0.8464100928485364,1.0
xgb-d8-lr01-n1000,0.8533560138918421,1.0
xgb-d8-lr01-n1000,0.8569707279041746,1.0
xgb-d8-lr01-n1000,0.8615245587922603,1.0
xgb-d8-lr01-n1000,0.865564533276632,1.0
xgb-d8-lr01-n1000,0.8701892409100574,1.0
xgb-d8-lr01-n1000,0.8738925508540648,1.0
xgb-d8-lr01-n1000,0.8755227159968815,1.0
xgb-d8-lr01-n1000,0.8782337515061308,1.0
xgb-d8-lr01-n1000,0.882486356226522,1.0
xgb-d8-lr01-n1000,0.8890070167977886,1.0
xgb-d8-lr01-n1000,0.891292791834999,1.0
xgb-d8-lr01-n1000,0.8931178680275002,1.0
xgb-d8-lr01-n1000,0.8974236303068963,1.0
xgb-d8-lr01-n1000,0.9006662414061947,1.0
xgb-d8-lr01-n1000,0.9039442908781629,1.0
xgb-d8-lr01-n1000,0.9069565525551067,1.0
xgb-d8-lr01-n1000,0.9100574101637253,1.0
xgb-d8-lr01-n1000,0.9165249131759869,1.0
xgb-d8-lr01-n1000,0.9187929690268622,1.0
xgb-d8-lr01-n1000,0.9238429371323269,1.0
xgb-d8-lr01-n1000,0.9272273017223049,1.0
xgb-d8-lr01-n1000,0.9332518250761925,1.0
xgb-d8-lr01-n1000,0.9356793536040825,1.0
xgb-d8-lr01-n1000,0.940304061237508,1.0
xgb-d8-lr01-n1000,0.9449819264299384,1.0
xgb-d8-lr01-n1000,0.9468778793677795,1.0
xgb-d8-lr01-n1000,0.9489864625416401,1.0
xgb-d8-lr01-n1000,0.9512013608335105,1.0
xgb-d8-lr01-n1000,0.9536997661067403,1.0
xgb-d8-lr01-n1000,0.9578106173364519,1.0
xgb-d8-lr01-n1000,0.9614430505351195,1.0
xgb-d8-lr01-n1000,0.9648451343114324,1.0
xgb-d8-lr01-n1000,0.9692749308951732,1.0
xgb-d8-lr01-n1000,0.9712417605783542,1.0
xgb-d8-lr01-n1000,0.9737224466652491,1.0
xgb-d8-lr01-n1000,0.9770004961372174,1.0
xgb-d8-lr01-n1000,0.9817492380749876,1.0
xgb-d8-lr01-n1000,0.9837337869445035,1.0
xgb-d8-lr01-n1000,0.9850981642922957,1.0
xgb-d8-lr01-n1000,0.9881281451555745,1.0
xgb-d8-lr01-n1000,0.9907151463604791,1.0
xgb-d8-lr01-n1000,0.9925579417393153,1.0
xgb-d8-lr01-n1000,0.9939754766461124,1.0
xgb-d8-lr01-n1000,0.9963675668013325,1.0
xgb-d8-lr01-n1000,1.0,1.0
lgbm-l31-lr10-n300-isunb,0.0,0.0
lgbm-l31-lr10-n300-isunb,0.035702136040536424,0.8947368421052632
lgbm-l31-lr10-n300-isunb,0.03573794560527117,0.8947368421052632
lgbm-l31-lr10-n300-isunb,0.03577375517000591,0.8947368421052632
lgbm-l31-lr10-n300-isunb,0.0358990886465775,0.8947368421052632
lgbm-l31-lr10-n300-isunb,0.03595280299367961,0.8947368421052632
lgbm-l31-lr10-n300-isunb,0.036006517340781724,0.8947368421052632
lgbm-l31-lr10-n300-isunb,1.0,1.0
lgbm-l63-lr05-n500-spw,0.0,0.0
lgbm-l63-lr05-n500-spw,0.08866792080981815,0.8736842105263158
lgbm-l63-lr05-n500-spw,0.08899041476305652,0.8736842105263158
lgbm-l63-lr05-n500-spw,0.08904416375526292,0.8736842105263158
lgbm-l63-lr05-n500-spw,0.08916957807041118,0.8736842105263158
lgbm-l63-lr05-n500-spw,1.0,1.0
lgbm-l127-lr01-n1000-isunb,0.0,0.0
lgbm-l127-lr01-n1000-isunb,5.2888598981012995e-05,0.7448979591836735
lgbm-l127-lr01-n1000-isunb,0.00019392486293038098,0.8571428571428571
lgbm-l127-lr01-n1000-isunb,0.0025033936851012817,0.8979591836734694
lgbm-l127-lr01-n1000-isunb,0.021455141653297604,0.8979591836734694
lgbm-l127-lr01-n1000-isunb,0.027502071470126756,0.9081632653061225
lgbm-l127-lr01-n1000-isunb,0.03062249881000652,0.9081632653061225
lgbm-l127-lr01-n1000-isunb,0.03760379387550024,0.9081632653061225
lgbm-l127-lr01-n1000-isunb,0.05116090474763323,0.9183673469387755
lgbm-l127-lr01-n1000-isunb,0.061756254076829505,0.9183673469387755
lgbm-l127-lr01-n1000-isunb,0.07989704352731695,0.9285714285714286
lgbm-l127-lr01-n1000-isunb,0.0985314599016272,0.9387755102040817
lgbm-l127-lr01-n1000-isunb,0.10757541032738042,0.9387755102040817
lgbm-l127-lr01-n1000-isunb,0.11133050085503235,0.9489795918367347
lgbm-l127-lr01-n1000-isunb,0.12680923082347548,0.9591836734693877
lgbm-l127-lr01-n1000-isunb,0.13010595349329196,0.9591836734693877
lgbm-l127-lr01-n1000-isunb,0.14161803853815913,0.9591836734693877
lgbm-l127-lr01-n1000-isunb,0.14872274033460853,0.9693877551020408
lgbm-l127-lr01-n1000-isunb,0.16744530437388713,0.9693877551020408
lgbm-l127-lr01-n1000-isunb,0.17333356839377326,0.9693877551020408
lgbm-l127-lr01-n1000-isunb,0.181813373763729,0.9693877551020408
lgbm-l127-lr01-n1000-isunb,0.18257144368245684,0.9693877551020408
lgbm-l127-lr01-n1000-isunb,0.1868025316009379,0.9693877551020408
lgbm-l127-lr01-n1000-isunb,0.18932355481903285,0.9693877551020408
lgbm-l127-lr01-n1000-isunb,0.21090210320328615,0.9693877551020408
lgbm-l127-lr01-n1000-isunb,0.2259400948468875,0.9693877551020408
lgbm-l127-lr01-n1000-isunb,0.23267457645046982,0.9693877551020408
lgbm-l127-lr01-n1000-isunb,0.24201822893711544,0.9693877551020408
lgbm-l127-lr01-n1000-isunb,0.25455282689561554,0.9795918367346939
lgbm-l127-lr01-n1000-isunb,0.2654655078186979,0.9795918367346939
lgbm-l127-lr01-n1000-isunb,0.27429790384852704,0.9795918367346939
lgbm-l127-lr01-n1000-isunb,0.2860744318882993,0.9795918367346939
lgbm-l127-lr01-n1000-isunb,0.2945718667912487,0.9897959183673469
lgbm-l127-lr01-n1000-isunb,0.30463833013063485,0.9897959183673469
lgbm-l127-lr01-n1000-isunb,0.31738448248505896,0.9897959183673469
lgbm-l127-lr01-n1000-isunb,0.3267281349717046,0.9897959183673469
lgbm-l127-lr01-n1000-isunb,0.3386985878744072,0.9897959183673469
lgbm-l127-lr01-n1000-isunb,0.34530966274703384,0.9897959183673469
lgbm-l127-lr01-n1000-isunb,0.3532253230611921,0.9897959183673469
lgbm-l127-lr01-n1000-isunb,0.35775611304056554,0.9897959183673469
lgbm-l127-lr01-n1000-isunb,0.36473740810605926,0.9897959183673469
lgbm-l127-lr01-n1000-isunb,0.37327010207499606,0.9897959183673469
lgbm-l127-lr01-n1000-isunb,0.3776598557904201,0.9897959183673469
lgbm-l127-lr01-n1000-isunb,0.3849232233838126,0.9897959183673469
lgbm-l127-lr01-n1000-isunb,0.3976693757382367,0.9897959183673469
lgbm-l127-lr01-n1000-isunb,0.40116002327098355,0.9897959183673469
lgbm-l127-lr01-n1000-isunb,0.4090933131181355,0.9897959183673469
lgbm-l127-lr01-n1000-isunb,0.41099730268145196,0.9897959183673469
lgbm-l127-lr01-n1000-isunb,0.4122489995240026,0.9897959183673469
lgbm-l127-lr01-n1000-isunb,0.4193184422544647,0.9897959183673469
lgbm-l127-lr01-n1000-isunb,0.4240255275637748,0.9897959183673469
lgbm-l127-lr01-n1000-isunb,0.42855631754314827,0.9897959183673469
lgbm-l127-lr01-n1000-isunb,0.43872855808049643,0.9897959183673469
lgbm-l127-lr01-n1000-isunb,0.4422015760802496,0.9897959183673469
lgbm-l127-lr01-n1000-isunb,0.4507518995821801,0.9897959183673469
lgbm-l127-lr01-n1000-isunb,0.45944325934805985,0.9897959183673469
lgbm-l127-lr01-n1000-isunb,0.46735891966221815,0.9897959183673469
lgbm-l127-lr01-n1000-isunb,0.4716252666466865,0.9897959183673469
lgbm-l127-lr01-n1000-isunb,0.47605027942809797,0.9897959183673469
lgbm-l127-lr01-n1000-isunb,0.47839500731625617,0.9897959183673469
lgbm-l127-lr01-n1000-isunb,0.4812509916612309,0.9897959183673469
lgbm-l127-lr01-n1000-isunb,0.4834017946864588,0.9897959183673469
lgbm-l127-lr01-n1000-isunb,0.488584877386598,0.9897959183673469
lgbm-l127-lr01-n1000-isunb,0.49050649648290817,0.9897959183673469
lgbm-l127-lr01-n1000-isunb,0.5011018458121045,0.9897959183673469
lgbm-l127-lr01-n1000-isunb,0.5060910036493134,0.9897959183673469
lgbm-l127-lr01-n1000-isunb,0.5128783738518766,0.9897959183673469
lgbm-l127-lr01-n1000-isunb,0.5157872467958324,0.9897959183673469
lgbm-l127-lr01-n1000-isunb,0.5204767025721488,0.9897959183673469
lgbm-l127-lr01-n1000-isunb,0.5263825961250287,0.9897959183673469
lgbm-l127-lr01-n1000-isunb,0.5316361969571426,0.9897959183673469
lgbm-l127-lr01-n1000-isunb,0.5356381009467059,0.9897959183673469
lgbm-l127-lr01-n1000-isunb,0.539816300266206,0.9897959183673469
lgbm-l127-lr01-n1000-isunb,0.5432011706009908,0.9897959183673469
lgbm-l127-lr01-n1000-isunb,0.5514165329760414,0.9897959183673469
lgbm-l127-lr01-n1000-isunb,0.5595084886201365,0.9897959183673469
lgbm-l127-lr01-n1000-isunb,0.5647092008532694,0.9897959183673469
lgbm-l127-lr01-n1000-isunb,0.5668952629444846,0.9897959183673469
lgbm-l127-lr01-n1000-isunb,0.576520987959029,0.9897959183673469
lgbm-l127-lr01-n1000-isunb,0.5794298609029847,0.9897959183673469
lgbm-l127-lr01-n1000-isunb,0.5856001974507695,0.9897959183673469
lgbm-l127-lr01-n1000-isunb,0.5933219329019974,0.9897959183673469
lgbm-l127-lr01-n1000-isunb,0.6033178781094088,0.9897959183673469
lgbm-l127-lr01-n1000-isunb,0.6142658180984786,0.9897959183673469
lgbm-l127-lr01-n1000-isunb,0.6233802866562065,0.9897959183673469
lgbm-l127-lr01-n1000-isunb,0.626624120727042,0.9897959183673469
lgbm-l127-lr01-n1000-isunb,0.6403222678631243,0.9897959183673469
lgbm-l127-lr01-n1000-isunb,0.647515117324542,0.9897959183673469
lgbm-l127-lr01-n1000-isunb,0.6614248188565485,0.9897959183673469
lgbm-l127-lr01-n1000-isunb,0.6650212435872573,0.9897959183673469
lgbm-l127-lr01-n1000-isunb,0.6739241577490612,0.9897959183673469
lgbm-l127-lr01-n1000-isunb,0.6766567353630802,0.9897959183673469
lgbm-l127-lr01-n1000-isunb,0.6805176030886941,0.9897959183673469
lgbm-l127-lr01-n1000-isunb,0.6888916312606879,0.9897959183673469
lgbm-l127-lr01-n1000-isunb,0.6908485094229854,0.9897959183673469
lgbm-l127-lr01-n1000-isunb,0.6957318900622322,0.9897959183673469
lgbm-l127-lr01-n1000-isunb,0.7006681593004601,0.9897959183673469
lgbm-l127-lr01-n1000-isunb,0.7039648819702766,0.9897959183673469
lgbm-l127-lr01-n1000-isunb,0.7060451668635298,0.9897959183673469
lgbm-l127-lr01-n1000-isunb,0.7134319411878779,0.9897959183673469
lgbm-l127-lr01-n1000-isunb,0.7169402182536184,0.9897959183673469
lgbm-l127-lr01-n1000-isunb,0.7225816688115931,0.9897959183673469
lgbm-l127-lr01-n1000-isunb,0.7258431324154223,0.9897959183673469
lgbm-l127-lr01-n1000-isunb,0.7276413447807768,0.9897959183673469
lgbm-l127-lr01-n1000-isunb,0.7320310984962008,0.9897959183673469
lgbm-l127-lr01-n1000-isunb,0.7368263314704794,0.9897959183673469
lgbm-l127-lr01-n1000-isunb,0.7406343105971123,0.9897959183673469
lgbm-l127-lr01-n1000-isunb,0.7466459813479541,0.9897959183673469
lgbm-l127-lr01-n1000-isunb,0.749114115967068,0.9897959183673469
lgbm-l127-lr01-n1000-isunb,0.7529397246266947,0.9897959183673469
lgbm-l127-lr01-n1000-isunb,0.7567477037533276,0.9897959183673469
lgbm-l127-lr01-n1000-isunb,0.7594626518343529,1.0
lgbm-l127-lr01-n1000-isunb,0.7643107734076124,1.0
lgbm-l127-lr01-n1000-isunb,0.7712568094071188,1.0
lgbm-l127-lr01-n1000-isunb,0.7774800345538847,1.0
lgbm-l127-lr01-n1000-isunb,0.7854838425330113,1.0
lgbm-l127-lr01-n1000-isunb,0.790702184299138,1.0
lgbm-l127-lr01-n1000-isunb,0.7935581686441127,1.0
lgbm-l127-lr01-n1000-isunb,0.7988293990092202,1.0
lgbm-l127-lr01-n1000-isunb,0.8048939583590431,1.0
lgbm-l127-lr01-n1000-isunb,0.8068860955873279,1.0
lgbm-l127-lr01-n1000-isunb,0.8133032455970242,1.0
lgbm-l127-lr01-n1000-isunb,0.8165470796678596,1.0
lgbm-l127-lr01-n1000-isunb,0.8204079473934736,1.0
lgbm-l127-lr01-n1000-isunb,0.8232286726724609,1.0
lgbm-l127-lr01-n1000-isunb,0.8263138409463533,1.0
lgbm-l127-lr01-n1000-isunb,0.8292050843573153,1.0
lgbm-l127-lr01-n1000-isunb,0.83153218271248,1.0
lgbm-l127-lr01-n1000-isunb,0.837314669534404,1.0
lgbm-l127-lr01-n1000-isunb,0.8441901874019357,1.0
lgbm-l127-lr01-n1000-isunb,0.8476984644676763,1.0
lgbm-l127-lr01-n1000-isunb,0.8496729721629674,1.0
lgbm-l127-lr01-n1000-isunb,0.8515769617262838,1.0
lgbm-l127-lr01-n1000-isunb,0.8534280626906193,1.0
lgbm-l127-lr01-n1000-isunb,0.8574828552791637,1.0
lgbm-l127-lr01-n1000-isunb,0.8621194224564991,1.0
lgbm-l127-lr01-n1000-isunb,0.8663505103749801,1.0
lgbm-l127-lr01-n1000-isunb,0.8701232304356258,1.0
lgbm-l127-lr01-n1000-isunb,0.8731555101105372,1.0
lgbm-l127-lr01-n1000-isunb,0.8760820125874865,1.0
lgbm-l127-lr01-n1000-isunb,0.8777920772878727,1.0
lgbm-l127-lr01-n1000-isunb,0.8817058336124676,1.0
lgbm-l127-lr01-n1000-isunb,0.8858664033989739,1.0
lgbm-l127-lr01-n1000-isunb,0.8870828411755373,1.0
lgbm-l127-lr01-n1000-isunb,0.8892336442007651,1.0
lgbm-l127-lr01-n1000-isunb,0.8915078539569486,1.0
lgbm-l127-lr01-n1000-isunb,0.895351092149569,1.0
lgbm-l127-lr01-n1000-isunb,0.9000405479258854,1.0
lgbm-l127-lr01-n1000-isunb,0.9010983199055057,1.0
lgbm-l127-lr01-n1000-isunb,0.9028789027378665,1.0
lgbm-l127-lr01-n1000-isunb,0.9054528145549424,1.0
lgbm-l127-lr01-n1000-isunb,0.9064048093366007,1.0
lgbm-l127-lr01-n1000-isunb,0.9078504310420817,1.0
lgbm-l127-lr01-n1000-isunb,0.9097191615394108,1.0
lgbm-l127-lr01-n1000-isunb,0.9107064153870564,1.0
lgbm-l127-lr01-n1000-isunb,0.91158789203674,1.0
lgbm-l127-lr01-n1000-isunb,0.9125222572854045,1.0
lgbm-l127-lr01-n1000-isunb,0.9149727623715248,1.0
lgbm-l127-lr01-n1000-isunb,0.91576609135624,1.0
lgbm-l127-lr01-n1000-isunb,0.9197151067468223,1.0
lgbm-l127-lr01-n1000-isunb,0.9215133191121767,1.0
lgbm-l127-lr01-n1000-isunb,0.9229765703506514,1.0
lgbm-l127-lr01-n1000-isunb,0.9258501842286198,1.0
lgbm-l127-lr01-n1000-isunb,0.9277189147259489,1.0
lgbm-l127-lr01-n1000-isunb,0.9296757928882464,1.0
lgbm-l127-lr01-n1000-isunb,0.9330254041570438,1.0
lgbm-l127-lr01-n1000-isunb,0.9344005077305502,1.0
lgbm-l127-lr01-n1000-isunb,0.9355993159741198,1.0
lgbm-l127-lr01-n1000-isunb,0.9372917511415123,1.0
lgbm-l127-lr01-n1000-isunb,0.9400243287555312,1.0
lgbm-l127-lr01-n1000-isunb,0.940517955679354,1.0
lgbm-l127-lr01-n1000-isunb,0.9452250409886642,1.0
lgbm-l127-lr01-n1000-isunb,0.9477636937397529,1.0
lgbm-l127-lr01-n1000-isunb,0.9495619061051073,1.0
lgbm-l127-lr01-n1000-isunb,0.9508841210796326,1.0
lgbm-l127-lr01-n1000-isunb,0.9518361158612908,1.0
lgbm-l127-lr01-n1000-isunb,0.9525412971810376,1.0
lgbm-l127-lr01-n1000-isunb,0.9532641080337781,1.0
lgbm-l127-lr01-n1000-isunb,0.9537401054246073,1.0
lgbm-l127-lr01-n1000-isunb,0.9543747686123795,1.0
lgbm-l127-lr01-n1000-isunb,0.9551680975970946,1.0
lgbm-l127-lr01-n1000-isunb,0.9555559473229555,1.0
lgbm-l127-lr01-n1000-isunb,0.9568252736984997,1.0
lgbm-l127-lr01-n1000-isunb,0.9592052606526453,1.0
lgbm-l127-lr01-n1000-isunb,0.9603688098302275,1.0
lgbm-l127-lr01-n1000-isunb,0.961955467799658,1.0
lgbm-l127-lr01-n1000-isunb,0.9642825661548226,1.0
lgbm-l127-lr01-n1000-isunb,0.9649877474745694,1.0
lgbm-l127-lr01-n1000-isunb,0.9672795867637466,1.0
lgbm-l127-lr01-n1000-isunb,0.9697477213828606,1.0
lgbm-l127-lr01-n1000-isunb,0.9707702342964935,1.0
lgbm-l127-lr01-n1000-isunb,0.9719690425400631,1.0
lgbm-l127-lr01-n1000-isunb,0.9759180579306455,1.0
lgbm-l127-lr01-n1000-isunb,0.9775576044990568,1.0
lgbm-l127-lr01-n1000-isunb,0.9801315163161328,1.0
lgbm-l127-lr01-n1000-isunb,0.983657422914867,1.0
lgbm-l127-lr01-n1000-isunb,0.9859668917370379,1.0
lgbm-l127-lr01-n1000-isunb,0.9894046506708037,1.0
lgbm-l127-lr01-n1000-isunb,0.9949579535638101,1.0
lgbm-l127-lr01-n1000-isunb,1.0,1.0
